Protocollo;Gruppo;DataOraIncidente;Localizzazione1;STRADA1;Localizzazione2;STRADA2;Strada02;Chilometrica;DaSpecificare;NaturaIncidente;particolaritastrade;TipoStrada;FondoStradale;Pavimentazione;Segnaletica;CondizioneAtmosferica;Traffico;Visibilita;Illuminazione;NUM_FERITI;NUM_RISERVATA;NUM_MORTI;NUM_ILLESI;Longitudine;Latitudine;Confermato;Progressivo;TipoVeicolo;StatoVeicolo;TipoPersona;Sesso;Tipolesione;Deceduto;DecedutoDopo;CinturaCascoUtilizzato;Airbag
1808939;6;07/08/2009 13:15;Strada Urbana;VIA TOR DE' SCHIAVI;in corrispondenza;;del civico n. ;275;;Scontro frontale fra veicoli in marcia;Rettilineo;Due carreggiate;Asciutto;Asfaltata;Assente;Sereno;Normale;Buona;Ore Diurne;1;0;0;1;;;-1;1;Motociclo a solo;In marcia / fermata / arresto;Conducente;M;Illeso;0;;Non accertato;Inesistente
1808939;6;07/08/2009 13:15;Strada Urbana;VIA TOR DE' SCHIAVI;in corrispondenza;;del civico n. ;275;;Scontro frontale fra veicoli in marcia;Rettilineo;Due carreggiate;Asciutto;Asfaltata;Assente;Sereno;Normale;Buona;Ore Diurne;1;0;0;1;;;-1;2;Velocipede;In marcia / fermata / arresto;Conducente;M;Rimandato;0;NON DECEDUTO;Non accertato;Inesistente
1808940;6;07/08/2009 14:15;Strada Urbana;VIA DI ACQUA BULLICANTE;all'intersezione con;VIA FORMIA;VIA FORMIA;;;Scontro frontale/laterale DX fra veicoli in marcia;Incrocio;Una carreggiata a doppio senso;Asciutto;Asfaltata;Verticale;Sereno;Normale;Buona;Ore Diurne;1;0;0;1;;;-1;1;Autovettura privata;In marcia / fermata / arresto;Conducente;F;Illeso;0;;Non accertato;Inesploso
1808940;6;07/08/2009 14:15;Strada Urbana;VIA DI ACQUA BULLICANTE;all'intersezione con;VIA FORMIA;VIA FORMIA;;;Scontro frontale/laterale DX fra veicoli in marcia;Incrocio;Una carreggiata a doppio senso;Asciutto;Asfaltata;Verticale;Sereno;Normale;Buona;Ore Diurne;1;0;0;1;;;-1;2;Motociclo a solo;In marcia / fermata / arresto;Conducente;M;Rimandato;0;NON DECEDUTO;Utilizzato;Inesistente
1808941;6;07/08/2009 15:35;Strada Urbana;VIA TOR DE' SCHIAVI;in corrispondenza;;del civico n. ;343;;Scontro frontale/laterale DX fra veicoli in marcia;Rettilineo;Due carreggiate;Asciutto;Asfaltata;Orizzontale;Sereno;Normale;Buona;Ore Diurne;1;0;0;1;;;-1;1;Autovettura privata;In marcia / fermata / arresto;Conducente;M;Illeso;0;;Non accertato;Inesistente
1808941;6;07/08/2009 15:35;Strada Urbana;VIA TOR DE' SCHIAVI;in corrispondenza;;del civico n. ;343;;Scontro frontale/laterale DX fra veicoli in marcia;Rettilineo;Due carreggiate;Asciutto;Asfaltata;Orizzontale;Sereno;Normale;Buona;Ore Diurne;1;0;0;1;;;-1;2;Motociclo a solo;In marcia / fermata / arresto;Conducente;M;Rimandato;0;NON DECEDUTO;Non accertato;Inesistente
1808942;6;07/08/2009 19:35;Strada Urbana;VIA PRENESTINA;in corrispondenza;;del civico n. ;78;;Scontro laterale fra veicoli in marcia;Rettilineo;Più di due carreggiate;Asciutto;Asfaltata;Assente;Sereno;Scarso;Buona;Ore Diurne;1;0;0;1;;;-1;2;Velocipede;In marcia / fermata / arresto;Conducente;F;Rifiuta cure immediate;0;NON DECEDUTO;Esente;Inesistente
1808942;6;07/08/2009 19:35;Strada Urbana;VIA PRENESTINA;in corrispondenza;;del civico n. ;78;;Scontro laterale fra veicoli in marcia;Rettilineo;Più di due carreggiate;Asciutto;Asfaltata;Assente;Sereno;Scarso;Buona;Ore Diurne;1;0;0;1;;;-1;3;Autovettura privata;In marcia / fermata / arresto;Conducente;M;Illeso;0;;Non accertato;Inesistente
1808943;7;06/08/2009 18:00;Strada Urbana;VIA DELLE ROBINIE;all'intersezione con;PIAZZA DELLE CONIFERE;PIAZZA DELLE CONIFERE;;;Scontro laterale fra veicoli in marcia;Incrocio;Una carreggiata a doppio senso;Asciutto;Asfaltata;Verticale ed orizzontale;Sereno;Scarso;Buona;Ore Diurne;1;0;0;2;;;-1;1;Autovettura privata;In marcia / fermata / arresto;Conducente;M;Illeso;0;;Non accertato;Inesistente
1808943;7;06/08/2009 18:00;Strada Urbana;VIA DELLE ROBINIE;all'intersezione con;PIAZZA DELLE CONIFERE;PIAZZA DELLE CONIFERE;;;Scontro laterale fra veicoli in marcia;Incrocio;Una carreggiata a doppio senso;Asciutto;Asfaltata;Verticale ed orizzontale;Sereno;Scarso;Buona;Ore Diurne;1;0;0;2;;;-1;1;Autovettura privata;In marcia / fermata / arresto;Passeggero;M;Illeso;0;;Non accertato;Inesistente
1808943;7;06/08/2009 18:00;Strada Urbana;VIA DELLE ROBINIE;all'intersezione con;PIAZZA DELLE CONIFERE;PIAZZA DELLE CONIFERE;;;Scontro laterale fra veicoli in marcia;Incrocio;Una carreggiata a doppio senso;Asciutto;Asfaltata;Verticale ed orizzontale;Sereno;Scarso;Buona;Ore Diurne;1;0;0;2;;;-1;2;Motociclo a solo;In marcia / fermata / arresto;Conducente;M;Rifiuta cure immediate;0;NON DECEDUTO;Non accertato;Inesistente
1808944;8;06/08/2009 18:15;Strada Urbana;VIALE DEI ROMANISTI;all'intersezione con;VIA GIOVANNI CAMILLO PERESIO;VIA GIOVANNI CAMILLO PERESIO;;;Scontro frontale/laterale SX fra veicoli in marcia;Incrocio;Due carreggiate;Asciutto;Asfaltata;Verticale ed orizzontale;Sereno;Normale;Buona;Ore Diurne;1;0;1;0;;;-1;1;Motociclo a solo;In marcia / fermata / arresto;Conducente;M;Ricoverato;0;NON DECEDUTO;Non accertato;Inesistente
1808944;8;06/08/2009 18:15;Strada Urbana;VIALE DEI ROMANISTI;all'intersezione con;VIA GIOVANNI CAMILLO PERESIO;VIA GIOVANNI CAMILLO PERESIO;;;Scontro frontale/laterale SX fra veicoli in marcia;Incrocio;Due carreggiate;Asciutto;Asfaltata;Verticale ed orizzontale;Sereno;Normale;Buona;Ore Diurne;1;0;1;0;;;-1;2;Velocipede;In marcia / fermata / arresto;Conducente;M;Deceduto durante prime cure;-1;;Non accertato;Inesistente
1808945;8;07/08/2009 06:35;Strada Urbana;VIA DELL'ACQUA VERGINE;in corrispondenza;;del civico n. ;223;;Veicolo in marcia contro ostacolo fisso;Curva a visuale libera;Una carreggiata a doppio senso;Asciutto;Asfaltata;Orizzontale;Sereno;Normale;Sufficiente;Ore Diurne;0;0;0;2;;;-1;1;Autovettura privata;In marcia / fermata / arresto;Conducente;F;Illeso;0;;Non accertato;Inesistente
1808945;8;07/08/2009 06:35;Strada Urbana;VIA DELL'ACQUA VERGINE;in corrispondenza;;del civico n. ;223;;Veicolo in marcia contro ostacolo fisso;Curva a visuale libera;Una carreggiata a doppio senso;Asciutto;Asfaltata;Orizzontale;Sereno;Normale;Sufficiente;Ore Diurne;0;0;0;2;;;-1;1;Autovettura privata;In marcia / fermata / arresto;Passeggero;M;Illeso;0;;Non accertato;Inesistente
1808946;8;07/08/2009 08:35;Strada Urbana;VIA DI TOR BELLA MONACA;da specificare;;;;100 mt dopo il cavalc. di via Torrenova dir. Cas.;Veicolo in marcia contro ostacolo fisso;Curva senza visuale libera;Due carreggiate;Asciutto;Asfaltata;Orizzontale;Sereno;Normale;Sufficiente;Ore Diurne;0;0;0;1;;;-1;1;Autovettura privata;In marcia / fermata / arresto;Conducente;F;Illeso;0;;Non accertato;Inesistente
1808947;8;07/08/2009 10:25;Strada Urbana;VIA BORGHESIANA;all'intersezione con;VIA PETRALIA SOTTANA;VIA PETRALIA SOTTANA;;;Scontro frontale/laterale DX fra veicoli in marcia;Incrocio;Una carreggiata a doppio senso;Asciutto;Asfaltata;Verticale ed orizzontale;Sereno;Normale;Buona;Ore Diurne;0;0;0;3;;;-1;1;Autovettura privata;In marcia / fermata / arresto;Conducente;M;Illeso;0;;Non accertato;Inesploso
1808947;8;07/08/2009 10:25;Strada Urbana;VIA BORGHESIANA;all'intersezione con;VIA PETRALIA SOTTANA;VIA PETRALIA SOTTANA;;;Scontro frontale/laterale DX fra veicoli in marcia;Incrocio;Una carreggiata a doppio senso;Asciutto;Asfaltata;Verticale ed orizzontale;Sereno;Normale;Buona;Ore Diurne;0;0;0;3;;;-1;1;Autovettura privata;In marcia / fermata / arresto;Passeggero;F;Illeso;0;;Non accertato;Inesistente
1808947;8;07/08/2009 10:25;Strada Urbana;VIA BORGHESIANA;all'intersezione con;VIA PETRALIA SOTTANA;VIA PETRALIA SOTTANA;;;Scontro frontale/laterale DX fra veicoli in marcia;Incrocio;Una carreggiata a doppio senso;Asciutto;Asfaltata;Verticale ed orizzontale;Sereno;Normale;Buona;Ore Diurne;0;0;0;3;;;-1;2;Autovettura privata;In marcia / fermata / arresto;Conducente;M;Illeso;0;;Non accertato;Inesploso
1808948;8;07/08/2009 11:00;Statale entro l'abitato;VIA CASILINA;all'intersezione con;VIA ANTONIO INGEGNOLI;VIA ANTONIO INGEGNOLI;;;Tamponamento;Incrocio;Una carreggiata a doppio senso;Asciutto;Asfaltata;Verticale ed orizzontale;Sereno;Normale;Buona;Ore Diurne;0;0;0;2;;;-1;1;Autovettura privata;In marcia / fermata / arresto;Conducente;M;Illeso;0;;Non accertato;Inesistente
1808948;8;07/08/2009 11:00;Statale entro l'abitato;VIA CASILINA;all'intersezione con;VIA ANTONIO INGEGNOLI;VIA ANTONIO INGEGNOLI;;;Tamponamento;Incrocio;Una carreggiata a doppio senso;Asciutto;Asfaltata;Verticale ed orizzontale;Sereno;Normale;Buona;Ore Diurne;0;0;0;2;;;-1;2;Autovettura privata;In marcia / fermata / arresto;Conducente;F;Illeso;0;;Non accertato;Inesistente
1808949;8;07/08/2009 11:45;Strada Urbana;VIA DI TORRENOVA;in prossimità;;del civico n. ;244;;Tamponamento;Rettilineo;Una carreggiata a doppio senso;Asciutto;Asfaltata;Verticale ed orizzontale;Sereno;Normale;Buona;Ore Diurne;0;0;0;2;;;-1;1;Autovettura privata;In marcia / fermata / arresto;Conducente;F;Illeso;0;;Non accertato;Inesistente
1808949;8;07/08/2009 11:45;Strada Urbana;VIA DI TORRENOVA;in prossimità;;del civico n. ;244;;Tamponamento;Rettilineo;Una carreggiata a doppio senso;Asciutto;Asfaltata;Verticale ed orizzontale;Sereno;Normale;Buona;Ore Diurne;0;0;0;2;;;-1;2;Autovettura privata;In marcia / fermata / arresto;Conducente;F;Illeso;0;;Non accertato;Inesistente
1808950;8;07/08/2009 17:00;Strada Urbana;VIA ANGIOLO CASSIOLI;da specificare;;;;pross. via v. Ponti;Tamponamento;Rettilineo;Una carreggiata a doppio senso;Asciutto;Asfaltata;Verticale ed orizzontale;Sereno;Normale;Buona;Ore Diurne;0;0;0;2;;;-1;1;Autovettura privata;In marcia / fermata / arresto;Conducente;M;Illeso;0;;Non accertato;Inesistente
1808950;8;07/08/2009 17:00;Strada Urbana;VIA ANGIOLO CASSIOLI;da specificare;;;;pross. via v. Ponti;Tamponamento;Rettilineo;Una carreggiata a doppio senso;Asciutto;Asfaltata;Verticale ed orizzontale;Sereno;Normale;Buona;Ore Diurne;0;0;0;2;;;-1;2;Autovettura privata;In marcia / fermata / arresto;Conducente;M;Illeso;0;;Non accertato;Inesistente
1808951;8;07/08/2009 17:30;Strada Urbana;VIALE DI TORRE MAURA;all'intersezione semaforizzata con;VIA DI TORRE SPACCATA;VIA DI TORRE SPACCATA;;;Scontro frontale/laterale SX fra veicoli in marcia;Intersezione semaforizzata;Due carreggiate;Asciutto;Asfaltata;Verticale ed orizzontale;Sereno;Normale;Buona;Ore Diurne;0;0;0;3;;;-1;1;Autovettura privata;In marcia / fermata / arresto;Conducente;F;Illeso;0;;Non accertato;Inesistente
1808951;8;07/08/2009 17:30;Strada Urbana;VIALE DI TORRE MAURA;all'intersezione semaforizzata con;VIA DI TORRE SPACCATA;VIA DI TORRE SPACCATA;;;Scontro frontale/laterale SX fra veicoli in marcia;Intersezione semaforizzata;Due carreggiate;Asciutto;Asfaltata;Verticale ed orizzontale;Sereno;Normale;Buona;Ore Diurne;0;0;0;3;;;-1;1;Autovettura privata;In marcia / fermata / arresto;Passeggero;F;Illeso;0;;Non accertato;Inesploso
1808951;8;07/08/2009 17:30;Strada Urbana;VIALE DI TORRE MAURA;all'intersezione semaforizzata con;VIA DI TORRE SPACCATA;VIA DI TORRE SPACCATA;;;Scontro frontale/laterale SX fra veicoli in marcia;Intersezione semaforizzata;Due carreggiate;Asciutto;Asfaltata;Verticale ed orizzontale;Sereno;Normale;Buona;Ore Diurne;0;0;0;3;;;-1;1;Autovettura privata;In marcia / fermata / arresto;Passeggero;F;Illeso;0;;Non accertato;Inesploso
1808952;8;07/08/2009 23:10;Statale entro l'abitato;VIA CASILINA;all'intersezione con;VIA DI TOR VERGATA;VIA DI TOR VERGATA;;;Veicolo in marcia contro ostacolo fisso;Incrocio;Una carreggiata a doppio senso;Asciutto;Asfaltata;Verticale ed orizzontale;Sereno;Normale;Buona;Sufficiente;1;0;0;0;;;-1;1;Autovettura privata;In marcia / fermata / arresto;Conducente;M;Rimandato;0;NON DECEDUTO;Non accertato;Inesistente
1808955;23;05/08/2009 13:00;Strada Urbana;VIA GIOVANNI VOLPATO;in corrispondenza;;del civico n. ;18;;Infortunio per caduta del veicolo;Rettilineo;Una carreggiata a doppio senso;Asciutto;Asfaltata;Verticale ed orizzontale;Sereno;Normale;Buona;Ore Diurne;1;0;0;1;;;-1;;;;Pedone;M;Illeso;0;;;
1808955;23;05/08/2009 13:00;Strada Urbana;VIA GIOVANNI VOLPATO;in corrispondenza;;del civico n. ;18;;Infortunio per caduta del veicolo;Rettilineo;Una carreggiata a doppio senso;Asciutto;Asfaltata;Verticale ed orizzontale;Sereno;Normale;Buona;Ore Diurne;1;0;0;1;;;-1;1;Ciclomotore;In marcia / fermata / arresto;Conducente;M;Rifiuta cure immediate;0;NON DECEDUTO;Utilizzato;Inesistente
1808956;13;07/08/2009 20:45;Strada Urbana;VIA DOMENICO BAFFIGO;da specificare;;;;fronte civico 105;Scontro frontale/laterale DX fra veicoli in marcia;Rettilineo;Una carreggiata a doppio senso;Asciutto;Asfaltata;Orizzontale;Sereno;Normale;Buona;Sufficiente;1;0;0;2;;;-1;1;Velocipede;In marcia / fermata / arresto;Conducente;M;Ricoverato;0;NON DECEDUTO;Non accertato;Inesistente
1808956;13;07/08/2009 20:45;Strada Urbana;VIA DOMENICO BAFFIGO;da specificare;;;;fronte civico 105;Scontro frontale/laterale DX fra veicoli in marcia;Rettilineo;Una carreggiata a doppio senso;Asciutto;Asfaltata;Orizzontale;Sereno;Normale;Buona;Sufficiente;1;0;0;2;;;-1;2;Autovettura privata;In marcia / fermata / arresto;Conducente;M;Illeso;0;;Non accertato;Inesistente
1808956;13;07/08/2009 20:45;Strada Urbana;VIA DOMENICO BAFFIGO;da specificare;;;;fronte civico 105;Scontro frontale/laterale DX fra veicoli in marcia;Rettilineo;Una carreggiata a doppio senso;Asciutto;Asfaltata;Orizzontale;Sereno;Normale;Buona;Sufficiente;1;0;0;2;;;-1;3;Autovettura privata;In marcia / fermata / arresto;Conducente;F;Illeso;0;;Non accertato;Inesploso
1808957;13;08/08/2009 11:30;Strada Urbana;VIA GIULIANO DA SANGALLO;all'intersezione con;VIA S. PIER DAMIANI;VIA S. PIER DAMIANI;;;Scontro frontale/laterale DX fra veicoli in marcia;Incrocio;Una carreggiata a doppio senso;Asciutto;Asfaltata;Assente;Sereno;Intenso;Buona;Ore Diurne;0;0;0;3;;;-1;1;Autovettura privata;In marcia / fermata / arresto;Conducente;M;Illeso;0;;Non accertato;Inesploso
1808957;13;08/08/2009 11:30;Strada Urbana;VIA GIULIANO DA SANGALLO;all'intersezione con;VIA S. PIER DAMIANI;VIA S. PIER DAMIANI;;;Scontro frontale/laterale DX fra veicoli in marcia;Incrocio;Una carreggiata a doppio senso;Asciutto;Asfaltata;Assente;Sereno;Intenso;Buona;Ore Diurne;0;0;0;3;;;-1;2;Autovettura privata;In marcia / fermata / arresto;Conducente;M;Illeso;0;;Non accertato;Inesploso
1808957;13;08/08/2009 11:30;Strada Urbana;VIA GIULIANO DA SANGALLO;all'intersezione con;VIA S. PIER DAMIANI;VIA S. PIER DAMIANI;;;Scontro frontale/laterale DX fra veicoli in marcia;Incrocio;Una carreggiata a doppio senso;Asciutto;Asfaltata;Assente;Sereno;Intenso;Buona;Ore Diurne;0;0;0;3;;;-1;2;Autovettura privata;In marcia / fermata / arresto;Passeggero;F;Illeso;0;;Non accertato;Inesploso
1808958;13;08/08/2009 11:35;Strada Urbana;VIA DEI PESCATORI;all'intersezione semaforizzata con;VIALE DELLA VILLA DI PLINIO;VIALE DELLA VILLA DI PLINIO;;;Scontro frontale/laterale DX fra veicoli in marcia;Intersezione semaforizzata;Una carreggiata a doppio senso;Asciutto;Asfaltata;Verticale ed orizzontale;Sereno;Normale;Buona;Ore Diurne;0;0;0;2;;;-1;1;Autovettura privata;In marcia / fermata / arresto;Conducente;F;Illeso;0;;Non accertato;Inesploso
1808958;13;08/08/2009 11:35;Strada Urbana;VIA DEI PESCATORI;all'intersezione semaforizzata con;VIALE DELLA VILLA DI PLINIO;VIALE DELLA VILLA DI PLINIO;;;Scontro frontale/laterale DX fra veicoli in marcia;Intersezione semaforizzata;Una carreggiata a doppio senso;Asciutto;Asfaltata;Verticale ed orizzontale;Sereno;Normale;Buona;Ore Diurne;0;0;0;2;;;-1;2;Autovettura privata;In marcia / fermata / arresto;Conducente;M;Illeso;0;;Non accertato;Inesistente
1808959;13;08/08/2009 12:45;Provinciale;VIA LITORANEA;in corrispondenza;;della chilometrica ;9,5;;Scontro laterale fra veicoli in marcia;Rettilineo;Una carreggiata a doppio senso;Asciutto;Asfaltata;Verticale ed orizzontale;Sereno;Intenso;Buona;Ore Diurne;1;0;0;2;;;-1;1;Autobus di linea;In marcia / fermata / arresto;Conducente;M;Illeso;0;;Non accertato;Inesploso
1808959;13;08/08/2009 12:45;Provinciale;VIA LITORANEA;in corrispondenza;;della chilometrica ;9,5;;Scontro laterale fra veicoli in marcia;Rettilineo;Una carreggiata a doppio senso;Asciutto;Asfaltata;Verticale ed orizzontale;Sereno;Intenso;Buona;Ore Diurne;1;0;0;2;;;-1;2;Motociclo con passeggero;In marcia / fermata / arresto;Conducente;F;Illeso;0;;Non accertato;Inesistente
1808959;13;08/08/2009 12:45;Provinciale;VIA LITORANEA;in corrispondenza;;della chilometrica ;9,5;;Scontro laterale fra veicoli in marcia;Rettilineo;Una carreggiata a doppio senso;Asciutto;Asfaltata;Verticale ed orizzontale;Sereno;Intenso;Buona;Ore Diurne;1;0;0;2;;;-1;2;Motociclo con passeggero;In marcia / fermata / arresto;Passeggero;F;Rimandato;0;NON DECEDUTO;Non accertato;Inesistente
1808960;13;08/08/2009 17:20;Statale;VIA DEL MARE;in corrispondenza;;della chilometrica ;20,15;;Tamponamento;Rettilineo;Una carreggiata a doppio senso;Asciutto;Asfaltata;Verticale ed orizzontale;Sereno;Normale;Buona;Ore Diurne;0;0;0;4;;;-1;1;Autovettura privata;In marcia / fermata / arresto;Conducente;M;Illeso;0;;Non accertato;Inesploso
1808960;13;08/08/2009 17:20;Statale;VIA DEL MARE;in corrispondenza;;della chilometrica ;20,15;;Tamponamento;Rettilineo;Una carreggiata a doppio senso;Asciutto;Asfaltata;Verticale ed orizzontale;Sereno;Normale;Buona;Ore Diurne;0;0;0;4;;;-1;1;Autovettura privata;In marcia / fermata / arresto;Passeggero;M;Illeso;0;;Non accertato;Inesploso
1808960;13;08/08/2009 17:20;Statale;VIA DEL MARE;in corrispondenza;;della chilometrica ;20,15;;Tamponamento;Rettilineo;Una carreggiata a doppio senso;Asciutto;Asfaltata;Verticale ed orizzontale;Sereno;Normale;Buona;Ore Diurne;0;0;0;4;;;-1;1;Autovettura privata;In marcia / fermata / arresto;Passeggero;M;Illeso;0;;Non accertato;Inesploso
1808960;13;08/08/2009 17:20;Statale;VIA DEL MARE;in corrispondenza;;della chilometrica ;20,15;;Tamponamento;Rettilineo;Una carreggiata a doppio senso;Asciutto;Asfaltata;Verticale ed orizzontale;Sereno;Normale;Buona;Ore Diurne;0;0;0;4;;;-1;1;Autovettura privata;In marcia / fermata / arresto;Passeggero;F;Illeso;0;;Non accertato;Inesploso
1808961;13;08/08/2009 17:30;Strada Urbana;VIA DELL'APPAGLIATORE;all'intersezione con;VIA DELLE EBRIDI;VIA DELLE EBRIDI;;;Scontro laterale fra veicoli in marcia;Incrocio;Una carreggiata a doppio senso;Asciutto;Asfaltata;Verticale ed orizzontale;Sereno;Normale;Buona;Ore Diurne;0;0;0;2;;;-1;1;Autovettura privata;In marcia / fermata / arresto;Conducente;M;Illeso;0;;Non accertato;Inesploso
1808961;13;08/08/2009 17:30;Strada Urbana;VIA DELL'APPAGLIATORE;all'intersezione con;VIA DELLE EBRIDI;VIA DELLE EBRIDI;;;Scontro laterale fra veicoli in marcia;Incrocio;Una carreggiata a doppio senso;Asciutto;Asfaltata;Verticale ed orizzontale;Sereno;Normale;Buona;Ore Diurne;0;0;0;2;;;-1;2;Autovettura privata;In marcia / fermata / arresto;Conducente;M;Illeso;0;;Non accertato;Inesploso
1808962;15;07/08/2009 16:30;Strada Urbana;VIA DELLE VIGNE;in prossimità;;del palo luce n. ;82;;Veicolo in marcia contro ostacolo accidentale;Curva a visuale libera;Una carreggiata a doppio senso;Asciutto;Asfaltata;Verticale ed orizzontale;Sereno;Scarso;Buona;Ore Diurne;0;0;0;2;;;-1;1;Autovettura privata;In marcia / fermata / arresto;Conducente;M;Illeso;0;;Utilizzato;Inesistente
1808962;15;07/08/2009 16:30;Strada Urbana;VIA DELLE VIGNE;in prossimità;;del palo luce n. ;82;;Veicolo in marcia contro ostacolo accidentale;Curva a visuale libera;Una carreggiata a doppio senso;Asciutto;Asfaltata;Verticale ed orizzontale;Sereno;Scarso;Buona;Ore Diurne;0;0;0;2;;;-1;2;Autovettura privata;In marcia / fermata / arresto;Conducente;M;Illeso;0;;Utilizzato;Inesistente
1808963;15;07/08/2009 17:10;Strada Urbana;VIA DEL TRULLO;da specificare;;;;prossimità Via Licciana Nardi;Scontro laterale fra veicoli in marcia;Rettilineo;Due carreggiate;Asciutto;Asfaltata;Orizzontale;Sereno;Scarso;Buona;Ore Diurne;1;0;0;1;;;-1;1;Autovettura privata;In marcia / fermata / arresto;Conducente;F;Illeso;0;;Utilizzato;Inesistente
1808963;15;07/08/2009 17:10;Strada Urbana;VIA DEL TRULLO;da specificare;;;;prossimità Via Licciana Nardi;Scontro laterale fra veicoli in marcia;Rettilineo;Due carreggiate;Asciutto;Asfaltata;Orizzontale;Sereno;Scarso;Buona;Ore Diurne;1;0;0;1;;;-1;2;Motociclo a solo;In marcia / fermata / arresto;Conducente;M;Rimandato;0;NON DECEDUTO;Utilizzato;Inesistente
1808964;15;07/08/2009 23:40;Strada Urbana;PIAZZA DELLA RADIO;all'intersezione semaforizzata con;VIA ANTONIO PACINOTTI;VIA ANTONIO PACINOTTI;;;Investimento di pedone;Intersezione semaforizzata;Una carreggiata a doppio senso;Asciutto;Asfaltata;Verticale;Sereno;Scarso;Sufficiente;Sufficiente;0;1;0;1;;;-1;;;;Pedone;M;Prognosi riservata;0;NON DECEDUTO;;
1808964;15;07/08/2009 23:40;Strada Urbana;PIAZZA DELLA RADIO;all'intersezione semaforizzata con;VIA ANTONIO PACINOTTI;VIA ANTONIO PACINOTTI;;;Investimento di pedone;Intersezione semaforizzata;Una carreggiata a doppio senso;Asciutto;Asfaltata;Verticale;Sereno;Scarso;Sufficiente;Sufficiente;0;1;0;1;;;-1;1;Motociclo a solo;In marcia / fermata / arresto;Conducente;M;Illeso;0;;Utilizzato;Inesistente
1808965;15;07/08/2009 20:15;Strada Urbana;VIA DEL TRULLO;all'intersezione con;VIA DI MONTE CUCCO;VIA DI MONTE CUCCO;;;Scontro frontale/laterale SX fra veicoli in marcia;Incrocio;Due carreggiate;Asciutto;Asfaltata;Verticale ed orizzontale;Sereno;Normale;Buona;Sufficiente;0;1;0;2;;;-1;1;Motociclo a solo;In marcia / fermata / arresto;Conducente;M;Prognosi riservata;0;NON DECEDUTO;Non utilizzato;Inesistente
1808965;15;07/08/2009 20:15;Strada Urbana;VIA DEL TRULLO;all'intersezione con;VIA DI MONTE CUCCO;VIA DI MONTE CUCCO;;;Scontro frontale/laterale SX fra veicoli in marcia;Incrocio;Due carreggiate;Asciutto;Asfaltata;Verticale ed orizzontale;Sereno;Normale;Buona;Sufficiente;0;1;0;2;;;-1;2;Autovettura privata;In marcia / fermata / arresto;Conducente;M;Illeso;0;;Non accertato;Inesploso
1808965;15;07/08/2009 20:15;Strada Urbana;VIA DEL TRULLO;all'intersezione con;VIA DI MONTE CUCCO;VIA DI MONTE CUCCO;;;Scontro frontale/laterale SX fra veicoli in marcia;Incrocio;Due carreggiate;Asciutto;Asfaltata;Verticale ed orizzontale;Sereno;Normale;Buona;Sufficiente;0;1;0;2;;;-1;2;Autovettura privata;In marcia / fermata / arresto;Passeggero;F;Illeso;0;;Non accertato;Inesploso
1808966;15;08/08/2009 11:00;Strada Urbana;VIA GIUSEPPE VERONESE;in corrispondenza;;del civico n. ;63;;Veicolo in marcia contro veicolo in sosta;Curva a visuale libera;Una carreggiata a senso unico di marcia;Asciutto;Asfaltata;Verticale;Sereno;Scarso;Buona;Ore Diurne;0;0;0;1;;;-1;2;Autovettura privata;In marcia / fermata / arresto;Conducente;F;Illeso;0;;Utilizzato;Inesistente
1808967;15;08/08/2009 11:30;Strada Urbana;VIA PORTUENSE;da specificare;;;;civico 830 area  interno  distributore Agip;Scontro laterale fra veicoli in marcia;Rettilineo;Una carreggiata a doppio senso;Asciutto;Asfaltata;Assente;Sereno;Scarso;Buona;Ore Diurne;0;0;0;2;;;-1;1;Autocarro superiore 35 q.;In marcia / fermata / arresto;Conducente;M;Illeso;0;;Utilizzato;Inesistente
1808967;15;08/08/2009 11:30;Strada Urbana;VIA PORTUENSE;da specificare;;;;civico 830 area  interno  distributore Agip;Scontro laterale fra veicoli in marcia;Rettilineo;Una carreggiata a doppio senso;Asciutto;Asfaltata;Assente;Sereno;Scarso;Buona;Ore Diurne;0;0;0;2;;;-1;2;Autovettura privata;In marcia / fermata / arresto;Conducente;M;Illeso;0;;Utilizzato;Inesistente
1808968;15;08/08/2009 13:45;Strada Urbana;VIA ANTONIO PACINOTTI;in prossimità;;del civico n. ;8C;;Scontro laterale fra veicoli in marcia;Rettilineo;Una carreggiata a doppio senso;Asciutto;Asfaltata;Orizzontale;Sereno;Scarso;Buona;Ore Diurne;0;0;0;2;;;-1;1;Autovettura privata;In marcia / fermata / arresto;Conducente;M;Illeso;0;;Utilizzato;Inesistente
1808968;15;08/08/2009 13:45;Strada Urbana;VIA ANTONIO PACINOTTI;in prossimità;;del civico n. ;8C;;Scontro laterale fra veicoli in marcia;Rettilineo;Una carreggiata a doppio senso;Asciutto;Asfaltata;Orizzontale;Sereno;Scarso;Buona;Ore Diurne;0;0;0;2;;;-1;2;Autocarro inferiore 35 q.;In marcia / fermata / arresto;Conducente;M;Illeso;0;;Utilizzato;Inesistente
1808973;18;08/08/2009 16:45;Strada Urbana;VIA DI BOCCEA;in prossimità;;del civico n. ;175;;Veicolo in marcia contro veicolo fermo;Rettilineo;Una carreggiata a doppio senso;Asciutto;Asfaltata;Verticale ed orizzontale;Sereno;Normale;Buona;Ore Diurne;0;0;0;2;;;-1;1;Autovettura privata;In marcia / fermata / arresto;Conducente;M;Illeso;0;;Non accertato;Inesploso
1808973;18;08/08/2009 16:45;Strada Urbana;VIA DI BOCCEA;in prossimità;;del civico n. ;175;;Veicolo in marcia contro veicolo fermo;Rettilineo;Una carreggiata a doppio senso;Asciutto;Asfaltata;Verticale ed orizzontale;Sereno;Normale;Buona;Ore Diurne;0;0;0;2;;;-1;2;Autovettura privata;In marcia / fermata / arresto;Conducente;F;Illeso;0;;Non accertato;Inesploso