Protocollo;Gruppo;DataOraIncidente;Localizzazione1;STRADA1;Localizzazione2;STRADA2;Strada02;Chilometrica;DaSpecificare;NaturaIncidente;particolaritastrade;TipoStrada;FondoStradale;Pavimentazione;Segnaletica;CondizioneAtmosferica;Traffico;Visibilita;Illuminazione;NUM_FERITI;NUM_RISERVATA;NUM_MORTI;NUM_ILLESI;Longitudine;Latitudine;Confermato;Progressivo;TipoVeicolo;StatoVeicolo;TipoPersona;Sesso;Tipolesione;Deceduto;DecedutoDopo;CinturaCascoUtilizzato;Airbag
1810173;9;28/08/2009 21:30;Strada Urbana;VIA GALLARATE;all'intersezione semaforizzata con;VIA CASILINA;VIA CASILINA;;;Scontro laterale fra veicoli in marcia;Intersezione stradale segnalata;Una carreggiata a doppio senso;Asciutto;Asfaltata;Verticale ed orizzontale;Sereno;Normale;Buona;Sufficiente;0;0;0;2;;;-1;2;Autovettura privata;In marcia / fermata / arresto;Conducente;M;Illeso;0;;Non accertato;Inesistente
1810174;1;24/08/2009 07:55;Strada Urbana;PONTE GARIBALDI;all'intersezione semaforizzata con;PIAZZA GIUSEPPE GIOACHINO BELLI;PIAZZA GIUSEPPE GIOACHINO BELLI;;;Scontro frontale/laterale SX fra veicoli in marcia;Intersezione semaforizzata;Più di due carreggiate;Asciutto;Asfaltata;Verticale ed orizzontale;Sereno;Normale;Buona;Ore Diurne;1;0;0;1;;;-1;1;Autovettura privata;In marcia / fermata / arresto;Conducente;M;Illeso;0;;Non accertato;Inesistente
1810174;1;24/08/2009 07:55;Strada Urbana;PONTE GARIBALDI;all'intersezione semaforizzata con;PIAZZA GIUSEPPE GIOACHINO BELLI;PIAZZA GIUSEPPE GIOACHINO BELLI;;;Scontro frontale/laterale SX fra veicoli in marcia;Intersezione semaforizzata;Più di due carreggiate;Asciutto;Asfaltata;Verticale ed orizzontale;Sereno;Normale;Buona;Ore Diurne;1;0;0;1;;;-1;2;Motociclo a solo;In marcia / fermata / arresto;Conducente;M;Rifiuta cure immediate;0;NON DECEDUTO;Non accertato;Inesistente
1810175;1;24/08/2009 08:25;Strada Urbana;VIA DI S. CROCE IN GERUSALEMME;in corrispondenza;;del civico n. ;42/A;;Veicolo in marcia contro veicolo arresto;Rettilineo;Una carreggiata a doppio senso;Asciutto;Asfaltata;Verticale ed orizzontale;Sereno;Scarso;Buona;Ore Diurne;1;0;0;1;;;-1;1;Autocarro inferiore 35 q.;In marcia / fermata / arresto;Conducente;M;Illeso;0;;Non accertato;Inesistente
1810175;1;24/08/2009 08:25;Strada Urbana;VIA DI S. CROCE IN GERUSALEMME;in corrispondenza;;del civico n. ;42/A;;Veicolo in marcia contro veicolo arresto;Rettilineo;Una carreggiata a doppio senso;Asciutto;Asfaltata;Verticale ed orizzontale;Sereno;Scarso;Buona;Ore Diurne;1;0;0;1;;;-1;2;Motociclo a solo;In marcia / fermata / arresto;Conducente;F;Rimandato;0;NON DECEDUTO;Non accertato;Inesistente
1810176;1;24/08/2009 14:00;Strada Urbana;LUNGOTEVERE TOR DI NONA;all'intersezione semaforizzata con;PONTE UMBERTO I;PONTE UMBERTO I;;;Scontro laterale fra veicoli in marcia;Incrocio;Una carreggiata a senso unico di marcia;Asciutto;Asfaltata;Orizzontale;Sereno;Normale;Buona;Ore Diurne;0;0;0;2;;;-1;1;Autovettura privata;In marcia / fermata / arresto;Conducente;M;Illeso;0;;Non accertato;Inesistente
1810176;1;24/08/2009 14:00;Strada Urbana;LUNGOTEVERE TOR DI NONA;all'intersezione semaforizzata con;PONTE UMBERTO I;PONTE UMBERTO I;;;Scontro laterale fra veicoli in marcia;Incrocio;Una carreggiata a senso unico di marcia;Asciutto;Asfaltata;Orizzontale;Sereno;Normale;Buona;Ore Diurne;0;0;0;2;;;-1;2;Motociclo a solo;In marcia / fermata / arresto;Conducente;M;Illeso;0;;Non accertato;Inesistente
1810177;1;24/08/2009 15:00;Strada Urbana;VIALE DI TRASTEVERE;in prossimità;;del civico n. ;40;;Veicolo in marcia contro ostacolo accidentale;Rettilineo;Una carreggiata a doppio senso;Viscido da liquidi oleosi;Asfaltata;Verticale ed orizzontale;Sereno;Normale;Buona;Ore Diurne;2;0;0;0;;;-1;1;Motociclo con passeggero;In marcia / fermata / arresto;Conducente;M;Rifiuta cure immediate;0;NON DECEDUTO;Utilizzato;Inesistente
1810177;1;24/08/2009 15:00;Strada Urbana;VIALE DI TRASTEVERE;in prossimità;;del civico n. ;40;;Veicolo in marcia contro ostacolo accidentale;Rettilineo;Una carreggiata a doppio senso;Viscido da liquidi oleosi;Asfaltata;Verticale ed orizzontale;Sereno;Normale;Buona;Ore Diurne;2;0;0;0;;;-1;1;Motociclo con passeggero;In marcia / fermata / arresto;Passeggero;F;Rifiuta cure immediate;0;NON DECEDUTO;Utilizzato;Inesistente
1810178;1;24/08/2009 18:45;Strada Urbana;VIA VENTI SETTEMBRE;all'intersezione con;VIA GOITO;VIA GOITO;;;Scontro laterale fra veicoli in marcia;Incrocio;Una carreggiata a senso unico di marcia;Asciutto;Asfaltata;Verticale ed orizzontale;Sereno;Scarso;Buona;Ore Diurne;0;0;0;2;;;-1;1;Autovettura privata;In marcia / fermata / arresto;Conducente;M;Illeso;0;;Utilizzato;Inesistente
1810178;1;24/08/2009 18:45;Strada Urbana;VIA VENTI SETTEMBRE;all'intersezione con;VIA GOITO;VIA GOITO;;;Scontro laterale fra veicoli in marcia;Incrocio;Una carreggiata a senso unico di marcia;Asciutto;Asfaltata;Verticale ed orizzontale;Sereno;Scarso;Buona;Ore Diurne;0;0;0;2;;;-1;2;Autovettura pubblica;In marcia / fermata / arresto;Conducente;M;Illeso;0;;Utilizzato;Inesistente
1810180;1;25/08/2009 17:55;Strada Urbana;PIAZZA SIDNEY SONNINO;all'intersezione semaforizzata con;PIAZZA GIUSEPPE GIOACHINO BELLI;PIAZZA GIUSEPPE GIOACHINO BELLI;;;Infortunio per sola frenata improvvisa;Intersezione semaforizzata;Più di due carreggiate;Asciutto;Asfaltata;Verticale ed orizzontale;Sereno;Normale;Buona;Ore Diurne;0;0;0;2;;;-1;1;Motociclo a solo;In marcia / fermata / arresto;Conducente;M;Illeso;0;;Utilizzato;Inesistente
1810180;1;25/08/2009 17:55;Strada Urbana;PIAZZA SIDNEY SONNINO;all'intersezione semaforizzata con;PIAZZA GIUSEPPE GIOACHINO BELLI;PIAZZA GIUSEPPE GIOACHINO BELLI;;;Infortunio per sola frenata improvvisa;Intersezione semaforizzata;Più di due carreggiate;Asciutto;Asfaltata;Verticale ed orizzontale;Sereno;Normale;Buona;Ore Diurne;0;0;0;2;;;-1;2;Velocipede;In marcia / fermata / arresto;Conducente;F;Illeso;0;;Esente;Inesistente
1810181;1;25/08/2009 21:30;Strada Urbana;LUNGOTEVERE IN AUGUSTA;all'intersezione con;PASSEGGIATA DI RIPETTA;PASSEGGIATA DI RIPETTA;;;Scontro frontale/laterale DX fra veicoli in marcia;Incrocio;Una carreggiata a senso unico di marcia;Asciutto;Asfaltata;Verticale ed orizzontale;Sereno;Scarso;Sufficiente;Sufficiente;1;0;0;2;;;-1;1;Motociclo con passeggero;In marcia / fermata / arresto;Conducente;M;Illeso;0;;Utilizzato;Inesistente
1810181;1;25/08/2009 21:30;Strada Urbana;LUNGOTEVERE IN AUGUSTA;all'intersezione con;PASSEGGIATA DI RIPETTA;PASSEGGIATA DI RIPETTA;;;Scontro frontale/laterale DX fra veicoli in marcia;Incrocio;Una carreggiata a senso unico di marcia;Asciutto;Asfaltata;Verticale ed orizzontale;Sereno;Scarso;Sufficiente;Sufficiente;1;0;0;2;;;-1;1;Motociclo con passeggero;In marcia / fermata / arresto;Passeggero;F;Rimandato;0;NON DECEDUTO;Utilizzato;Inesistente
1810181;1;25/08/2009 21:30;Strada Urbana;LUNGOTEVERE IN AUGUSTA;all'intersezione con;PASSEGGIATA DI RIPETTA;PASSEGGIATA DI RIPETTA;;;Scontro frontale/laterale DX fra veicoli in marcia;Incrocio;Una carreggiata a senso unico di marcia;Asciutto;Asfaltata;Verticale ed orizzontale;Sereno;Scarso;Sufficiente;Sufficiente;1;0;0;2;;;-1;2;Autovettura privata;In marcia / fermata / arresto;Conducente;M;Illeso;0;;Utilizzato;Inesistente
1810182;1;26/08/2009 12:00;Strada Urbana;PIAZZA DI S. GIOVANNI IN LATERANO;in corrispondenza;;del civico n. ;40;;Ribaltamento senza urto contro ostacolo fisso;Curva a visuale libera;Due carreggiate;Asciutto;Asfaltata;Verticale ed orizzontale;Sereno;Scarso;Buona;Ore Diurne;1;0;0;0;;;-1;1;Motociclo a solo;In marcia / fermata / arresto;Conducente;M;Rimandato;0;NON DECEDUTO;Non accertato;Inesistente
1810183;1;26/08/2009 18:50;Strada Urbana;CORSO VITTORIO EMANUELE II;all'intersezione con;PIAZZA DELLA CANCELLERIA;PIAZZA DELLA CANCELLERIA;;;Infortunio per sola frenata improvvisa;Incrocio;Una carreggiata a doppio senso;Asciutto;Asfaltata;Verticale ed orizzontale;Sereno;Normale;Buona;Ore Diurne;2;0;0;1;;;-1;1;Motociclo con passeggero;In marcia / fermata / arresto;Conducente;M;Illeso;0;;Utilizzato;Inesistente
1810183;1;26/08/2009 18:50;Strada Urbana;CORSO VITTORIO EMANUELE II;all'intersezione con;PIAZZA DELLA CANCELLERIA;PIAZZA DELLA CANCELLERIA;;;Infortunio per sola frenata improvvisa;Incrocio;Una carreggiata a doppio senso;Asciutto;Asfaltata;Verticale ed orizzontale;Sereno;Normale;Buona;Ore Diurne;2;0;0;1;;;-1;2;Motociclo con passeggero;In marcia / fermata / arresto;Conducente;M;Rimandato;0;NON DECEDUTO;Non accertato;Inesistente
1810183;1;26/08/2009 18:50;Strada Urbana;CORSO VITTORIO EMANUELE II;all'intersezione con;PIAZZA DELLA CANCELLERIA;PIAZZA DELLA CANCELLERIA;;;Infortunio per sola frenata improvvisa;Incrocio;Una carreggiata a doppio senso;Asciutto;Asfaltata;Verticale ed orizzontale;Sereno;Normale;Buona;Ore Diurne;2;0;0;1;;;-1;2;Motociclo con passeggero;In marcia / fermata / arresto;Passeggero;F;Rimandato;0;NON DECEDUTO;Utilizzato;Inesistente
1810184;1;27/08/2009 01:55;Strada Urbana;LUNGOTEVERE DELLA FARNESINA;in prossimità;;del civico n. ;3;;Scontro laterale fra veicoli in marcia;Rettilineo;Una carreggiata a senso unico di marcia;Asciutto;Asfaltata;Verticale ed orizzontale;Sereno;Scarso;Sufficiente;Sufficiente;0;0;0;5;;;-1;1;Autovettura privata;In marcia / fermata / arresto;Conducente;F;Illeso;0;;Non utilizzato;Inesistente
1810184;1;27/08/2009 01:55;Strada Urbana;LUNGOTEVERE DELLA FARNESINA;in prossimità;;del civico n. ;3;;Scontro laterale fra veicoli in marcia;Rettilineo;Una carreggiata a senso unico di marcia;Asciutto;Asfaltata;Verticale ed orizzontale;Sereno;Scarso;Sufficiente;Sufficiente;0;0;0;5;;;-1;1;Autovettura privata;In marcia / fermata / arresto;Passeggero;M;Illeso;0;;Non accertato;Inesistente
1810184;1;27/08/2009 01:55;Strada Urbana;LUNGOTEVERE DELLA FARNESINA;in prossimità;;del civico n. ;3;;Scontro laterale fra veicoli in marcia;Rettilineo;Una carreggiata a senso unico di marcia;Asciutto;Asfaltata;Verticale ed orizzontale;Sereno;Scarso;Sufficiente;Sufficiente;0;0;0;5;;;-1;2;Autovettura privata;In marcia / fermata / arresto;Conducente;M;Illeso;0;;Non accertato;Inesistente
1810184;1;27/08/2009 01:55;Strada Urbana;LUNGOTEVERE DELLA FARNESINA;in prossimità;;del civico n. ;3;;Scontro laterale fra veicoli in marcia;Rettilineo;Una carreggiata a senso unico di marcia;Asciutto;Asfaltata;Verticale ed orizzontale;Sereno;Scarso;Sufficiente;Sufficiente;0;0;0;5;;;-1;2;Autovettura privata;In marcia / fermata / arresto;Passeggero;M;Illeso;0;;Non accertato;Inesistente
1810184;1;27/08/2009 01:55;Strada Urbana;LUNGOTEVERE DELLA FARNESINA;in prossimità;;del civico n. ;3;;Scontro laterale fra veicoli in marcia;Rettilineo;Una carreggiata a senso unico di marcia;Asciutto;Asfaltata;Verticale ed orizzontale;Sereno;Scarso;Sufficiente;Sufficiente;0;0;0;5;;;-1;2;Autovettura privata;In marcia / fermata / arresto;Passeggero;M;Illeso;0;;Non accertato;Inesistente
1810185;1;27/08/2009 03:30;Strada Urbana;VIA CERNAIA;in prossimità;;del civico n. ;15;;Tamponamento;Rettilineo;Una carreggiata a senso unico di marcia;Asciutto;Asfaltata;Verticale ed orizzontale;Sereno;Scarso;Buona;Sufficiente;2;0;0;1;;;-1;1;Autovettura privata;In marcia / fermata / arresto;Conducente;F;Illeso;0;;Non accertato;Inesistente
1810185;1;27/08/2009 03:30;Strada Urbana;VIA CERNAIA;in prossimità;;del civico n. ;15;;Tamponamento;Rettilineo;Una carreggiata a senso unico di marcia;Asciutto;Asfaltata;Verticale ed orizzontale;Sereno;Scarso;Buona;Sufficiente;2;0;0;1;;;-1;2;Motociclo con passeggero;In marcia / fermata / arresto;Conducente;M;Rimandato;0;NON DECEDUTO;Non accertato;Inesistente
1810185;1;27/08/2009 03:30;Strada Urbana;VIA CERNAIA;in prossimità;;del civico n. ;15;;Tamponamento;Rettilineo;Una carreggiata a senso unico di marcia;Asciutto;Asfaltata;Verticale ed orizzontale;Sereno;Scarso;Buona;Sufficiente;2;0;0;1;;;-1;2;Motociclo con passeggero;In marcia / fermata / arresto;Passeggero;M;Rimandato;0;NON DECEDUTO;Non accertato;Inesistente
1810186;12;29/08/2009 13:00;Strada Urbana;VIA DI MEZZOCAMMINO;da specificare;;;;prossimità di via G. Butera altezza palo acea n 37;Fuoriuscita dalla sede stradale;Curva a visuale libera;Una carreggiata a doppio senso;Asciutto;Asfaltata;Verticale ed orizzontale;Sereno;Scarso;Buona;Ore Diurne;1;0;0;0;;;-1;1;Autovettura privata;In marcia / fermata / arresto;Conducente;F;Rimandato;0;NON DECEDUTO;Utilizzato;Esploso
1810187;12;29/08/2009 18:10;Strada Urbana;VIALE DELL'OCEANO ATLANTICO;da specificare;;;;"altezza parcheggio ""Oviesse"" pros. p.le 25/03/1957";Tamponamento;Rettilineo;Due carreggiate;Asciutto;Asfaltata;Verticale ed orizzontale;Sereno;Normale;Buona;Ore Diurne;0;0;0;2;;;-1;1;Autovettura privata;In marcia / fermata / arresto;Conducente;M;Illeso;0;;Utilizzato;Esploso
1810187;12;29/08/2009 18:10;Strada Urbana;VIALE DELL'OCEANO ATLANTICO;da specificare;;;;"altezza parcheggio ""Oviesse"" pros. p.le 25/03/1957";Tamponamento;Rettilineo;Due carreggiate;Asciutto;Asfaltata;Verticale ed orizzontale;Sereno;Normale;Buona;Ore Diurne;0;0;0;2;;;-1;2;Autovettura privata;In marcia / fermata / arresto;Conducente;M;Illeso;0;;Utilizzato;Inesploso
1810188;13;29/08/2009 11:40;Strada Urbana;LUNGOMARE AMERIGO VESPUCCI;da specificare;;;;"prossimità stabilimento balneare ""Gambrinus""";Scontro laterale fra veicoli in marcia;Rettilineo;Una carreggiata a senso unico di marcia;Asciutto;Asfaltata;Orizzontale;Sereno;Normale;Buona;Ore Diurne;0;0;0;2;;;-1;1;Autovettura privata;In marcia / fermata / arresto;Conducente;M;Illeso;0;;Non accertato;Inesploso
1810188;13;29/08/2009 11:40;Strada Urbana;LUNGOMARE AMERIGO VESPUCCI;da specificare;;;;"prossimità stabilimento balneare ""Gambrinus""";Scontro laterale fra veicoli in marcia;Rettilineo;Una carreggiata a senso unico di marcia;Asciutto;Asfaltata;Orizzontale;Sereno;Normale;Buona;Ore Diurne;0;0;0;2;;;-1;2;Autovettura privata;In marcia / fermata / arresto;Conducente;F;Illeso;0;;Non accertato;Inesploso
1810189;18;29/08/2009 11:00;Statale entro l'abitato;VIA AURELIA;in corrispondenza;;del civico n. ;386;;Scontro laterale fra veicoli in marcia;Pendenza;Una carreggiata a doppio senso;Asciutto;Asfaltata;Verticale ed orizzontale;Sereno;Normale;Buona;Ore Diurne;1;0;0;1;;;-1;2;Motociclo a solo;In marcia / fermata / arresto;Conducente;M;Rifiuta cure immediate;0;NON DECEDUTO;Utilizzato;Inesistente
1810189;18;29/08/2009 11:00;Statale entro l'abitato;VIA AURELIA;in corrispondenza;;del civico n. ;386;;Scontro laterale fra veicoli in marcia;Pendenza;Una carreggiata a doppio senso;Asciutto;Asfaltata;Verticale ed orizzontale;Sereno;Normale;Buona;Ore Diurne;1;0;0;1;;;-1;3;Autovettura pubblica;In marcia / fermata / arresto;Conducente;M;Illeso;0;;Non accertato;Inesistente
1810192;5;23/08/2009 16:45;Strada Urbana;VIA DI PIETRALATA;all'intersezione con;VIA DEI DURANTINI;VIA DEI DURANTINI;;;Scontro frontale/laterale SX fra veicoli in marcia;Incrocio;Una carreggiata a doppio senso;Asciutto;Asfaltata;Verticale;Sereno;Scarso;Buona;Ore Diurne;0;0;0;5;;;-1;1;Autovettura privata;In marcia / fermata / arresto;Conducente;M;Illeso;0;;Non accertato;Inesistente
1810192;5;23/08/2009 16:45;Strada Urbana;VIA DI PIETRALATA;all'intersezione con;VIA DEI DURANTINI;VIA DEI DURANTINI;;;Scontro frontale/laterale SX fra veicoli in marcia;Incrocio;Una carreggiata a doppio senso;Asciutto;Asfaltata;Verticale;Sereno;Scarso;Buona;Ore Diurne;0;0;0;5;;;-1;1;Autovettura privata;In marcia / fermata / arresto;Passeggero;F;Illeso;0;;Non accertato;Inesistente
1810192;5;23/08/2009 16:45;Strada Urbana;VIA DI PIETRALATA;all'intersezione con;VIA DEI DURANTINI;VIA DEI DURANTINI;;;Scontro frontale/laterale SX fra veicoli in marcia;Incrocio;Una carreggiata a doppio senso;Asciutto;Asfaltata;Verticale;Sereno;Scarso;Buona;Ore Diurne;0;0;0;5;;;-1;1;Autovettura privata;In marcia / fermata / arresto;Passeggero;F;Illeso;0;;Non accertato;Inesistente
1810192;5;23/08/2009 16:45;Strada Urbana;VIA DI PIETRALATA;all'intersezione con;VIA DEI DURANTINI;VIA DEI DURANTINI;;;Scontro frontale/laterale SX fra veicoli in marcia;Incrocio;Una carreggiata a doppio senso;Asciutto;Asfaltata;Verticale;Sereno;Scarso;Buona;Ore Diurne;0;0;0;5;;;-1;2;Autovettura privata;In marcia / fermata / arresto;Conducente;M;Illeso;0;;Non accertato;Inesistente
1810192;5;23/08/2009 16:45;Strada Urbana;VIA DI PIETRALATA;all'intersezione con;VIA DEI DURANTINI;VIA DEI DURANTINI;;;Scontro frontale/laterale SX fra veicoli in marcia;Incrocio;Una carreggiata a doppio senso;Asciutto;Asfaltata;Verticale;Sereno;Scarso;Buona;Ore Diurne;0;0;0;5;;;-1;2;Autovettura privata;In marcia / fermata / arresto;Passeggero;M;Illeso;0;;Non accertato;Inesistente
1810193;6;29/08/2009 18:15;Strada Urbana;VIA TOR DE' SCHIAVI;in prossimità;;del civico n. ;294;;Tamponamento;Rettilineo;Due carreggiate;Asciutto;Asfaltata;Assente;Sereno;Normale;Buona;Ore Diurne;0;0;0;5;;;-1;1;Autovettura privata;In marcia / fermata / arresto;Conducente;M;Illeso;0;;Non accertato;Inesploso
1810193;6;29/08/2009 18:15;Strada Urbana;VIA TOR DE' SCHIAVI;in prossimità;;del civico n. ;294;;Tamponamento;Rettilineo;Due carreggiate;Asciutto;Asfaltata;Assente;Sereno;Normale;Buona;Ore Diurne;0;0;0;5;;;-1;1;Autovettura privata;In marcia / fermata / arresto;Passeggero;F;Illeso;0;;Non accertato;Inesploso
1810193;6;29/08/2009 18:15;Strada Urbana;VIA TOR DE' SCHIAVI;in prossimità;;del civico n. ;294;;Tamponamento;Rettilineo;Due carreggiate;Asciutto;Asfaltata;Assente;Sereno;Normale;Buona;Ore Diurne;0;0;0;5;;;-1;2;Autovettura privata;In marcia / fermata / arresto;Conducente;F;Illeso;0;;Non accertato;Inesploso
1810193;6;29/08/2009 18:15;Strada Urbana;VIA TOR DE' SCHIAVI;in prossimità;;del civico n. ;294;;Tamponamento;Rettilineo;Due carreggiate;Asciutto;Asfaltata;Assente;Sereno;Normale;Buona;Ore Diurne;0;0;0;5;;;-1;2;Autovettura privata;In marcia / fermata / arresto;Passeggero;M;Illeso;0;;Non accertato;Inesploso
1810193;6;29/08/2009 18:15;Strada Urbana;VIA TOR DE' SCHIAVI;in prossimità;;del civico n. ;294;;Tamponamento;Rettilineo;Due carreggiate;Asciutto;Asfaltata;Assente;Sereno;Normale;Buona;Ore Diurne;0;0;0;5;;;-1;2;Autovettura privata;In marcia / fermata / arresto;Passeggero;F;Illeso;0;;Non accertato;Inesploso
1810194;6;29/08/2009 19:10;Strada Urbana;VIA PRENESTINA;all'intersezione semaforizzata con;LARGO IRPINIA;LARGO IRPINIA;;;Scontro laterale fra veicoli in marcia;Intersezione semaforizzata;Più di due carreggiate;Asciutto;Asfaltata;Verticale ed orizzontale;Sereno;Scarso;Buona;Ore Diurne;0;0;0;2;;;-1;1;Autovettura privata;In marcia / fermata / arresto;Conducente;M;Illeso;0;;Non accertato;Inesploso
1810194;6;29/08/2009 19:10;Strada Urbana;VIA PRENESTINA;all'intersezione semaforizzata con;LARGO IRPINIA;LARGO IRPINIA;;;Scontro laterale fra veicoli in marcia;Intersezione semaforizzata;Più di due carreggiate;Asciutto;Asfaltata;Verticale ed orizzontale;Sereno;Scarso;Buona;Ore Diurne;0;0;0;2;;;-1;2;Autovettura privata;In marcia / fermata / arresto;Conducente;F;Illeso;0;;Non accertato;Inesploso
1810195;7;28/08/2009 13:30;Strada Urbana;VIA PRENESTINA;da specificare;;;;ALTEZZA SVINCOLI GRA;Scontro frontale/laterale DX fra veicoli in marcia;Rettilineo;Una carreggiata a doppio senso;Asciutto;Asfaltata;Orizzontale;Sereno;Normale;Buona;Ore Diurne;2;0;0;1;;;-1;1;Autovettura privata;In marcia / fermata / arresto;Conducente;M;Illeso;0;;Non accertato;Inesistente
1810195;7;28/08/2009 13:30;Strada Urbana;VIA PRENESTINA;da specificare;;;;ALTEZZA SVINCOLI GRA;Scontro frontale/laterale DX fra veicoli in marcia;Rettilineo;Una carreggiata a doppio senso;Asciutto;Asfaltata;Orizzontale;Sereno;Normale;Buona;Ore Diurne;2;0;0;1;;;-1;1;Autovettura privata;In marcia / fermata / arresto;Passeggero;F;Rimandato;0;NON DECEDUTO;Non accertato;Inesistente
1810195;7;28/08/2009 13:30;Strada Urbana;VIA PRENESTINA;da specificare;;;;ALTEZZA SVINCOLI GRA;Scontro frontale/laterale DX fra veicoli in marcia;Rettilineo;Una carreggiata a doppio senso;Asciutto;Asfaltata;Orizzontale;Sereno;Normale;Buona;Ore Diurne;2;0;0;1;;;-1;2;Autovettura privata;In marcia / fermata / arresto;Conducente;M;Rimandato;0;NON DECEDUTO;Non accertato;Inesistente
1810196;7;28/08/2009 17:15;Strada Urbana;VIALE PALMIRO TOGLIATTI;all'intersezione semaforizzata con;VIA DEI GELSI;VIA DEI GELSI;;;Tamponamento Multiplo;Incrocio;Una carreggiata a senso unico di marcia;Asciutto;Asfaltata;Orizzontale;Sereno;Normale;Buona;Ore Diurne;2;0;0;1;;;-1;1;Autovettura privata;In marcia / fermata / arresto;Conducente;M;Rimandato;0;NON DECEDUTO;Non accertato;Inesistente
1810196;7;28/08/2009 17:15;Strada Urbana;VIALE PALMIRO TOGLIATTI;all'intersezione semaforizzata con;VIA DEI GELSI;VIA DEI GELSI;;;Tamponamento Multiplo;Incrocio;Una carreggiata a senso unico di marcia;Asciutto;Asfaltata;Orizzontale;Sereno;Normale;Buona;Ore Diurne;2;0;0;1;;;-1;2;Autovettura privata;In marcia / fermata / arresto;Conducente;M;Rimandato;0;NON DECEDUTO;Non accertato;Inesistente
1810196;7;28/08/2009 17:15;Strada Urbana;VIALE PALMIRO TOGLIATTI;all'intersezione semaforizzata con;VIA DEI GELSI;VIA DEI GELSI;;;Tamponamento Multiplo;Incrocio;Una carreggiata a senso unico di marcia;Asciutto;Asfaltata;Orizzontale;Sereno;Normale;Buona;Ore Diurne;2;0;0;1;;;-1;3;Autovettura privata;In marcia / fermata / arresto;Conducente;M;Illeso;0;;Non accertato;Inesistente
1810197;7;29/08/2009 14:50;Strada Urbana;VIALE PALMIRO TOGLIATTI;all'intersezione con;VIA DELLE ROBINIE;VIA DELLE ROBINIE;;;Tamponamento;Incrocio;Una carreggiata a senso unico di marcia;Asciutto;Asfaltata;Verticale;Sereno;Scarso;Buona;Ore Diurne;0;0;0;2;;;-1;1;Autovettura privata;In marcia / fermata / arresto;Conducente;M;Illeso;0;;Non accertato;Inesistente
1810197;7;29/08/2009 14:50;Strada Urbana;VIALE PALMIRO TOGLIATTI;all'intersezione con;VIA DELLE ROBINIE;VIA DELLE ROBINIE;;;Tamponamento;Incrocio;Una carreggiata a senso unico di marcia;Asciutto;Asfaltata;Verticale;Sereno;Scarso;Buona;Ore Diurne;0;0;0;2;;;-1;2;Autovettura privata;In marcia / fermata / arresto;Conducente;F;Illeso;0;;Non accertato;Inesistente
1810198;12;28/08/2009 17:50;Statale;VIA PONTINA;da specificare;;;;direzione Latina  altezza  civico  15750;Veicolo in marcia contro ostacolo fisso;Rettilineo;Una carreggiata a senso unico di marcia;Asciutto;Asfaltata;Verticale ed orizzontale;Sereno;Normale;Buona;Ore Diurne;1;0;0;2;;;-1;1;Autocarro inferiore 35 q.;In marcia / fermata / arresto;Conducente;M;Rimandato;0;NON DECEDUTO;Utilizzato;Inesploso
1810198;12;28/08/2009 17:50;Statale;VIA PONTINA;da specificare;;;;direzione Latina  altezza  civico  15750;Veicolo in marcia contro ostacolo fisso;Rettilineo;Una carreggiata a senso unico di marcia;Asciutto;Asfaltata;Verticale ed orizzontale;Sereno;Normale;Buona;Ore Diurne;1;0;0;2;;;-1;1;Autocarro inferiore 35 q.;In marcia / fermata / arresto;Passeggero;M;Illeso;0;;Utilizzato;Inesploso
1810198;12;28/08/2009 17:50;Statale;VIA PONTINA;da specificare;;;;direzione Latina  altezza  civico  15750;Veicolo in marcia contro ostacolo fisso;Rettilineo;Una carreggiata a senso unico di marcia;Asciutto;Asfaltata;Verticale ed orizzontale;Sereno;Normale;Buona;Ore Diurne;1;0;0;2;;;-1;1;Autocarro inferiore 35 q.;In marcia / fermata / arresto;Passeggero;M;Illeso;0;;Utilizzato;Inesploso
1810199;12;29/08/2009 12:40;Provinciale;VIA DI PRATICA;da specificare;;;;prox. km 4.500;Scontro laterale fra veicoli in marcia;Rettilineo;Una carreggiata a doppio senso;Asciutto;Asfaltata;Orizzontale;Sereno;Normale;Buona;Ore Diurne;1;0;0;3;;;-1;1;Autovettura privata;In marcia / fermata / arresto;Conducente;M;Illeso;0;;Utilizzato;Inesploso
1810199;12;29/08/2009 12:40;Provinciale;VIA DI PRATICA;da specificare;;;;prox. km 4.500;Scontro laterale fra veicoli in marcia;Rettilineo;Una carreggiata a doppio senso;Asciutto;Asfaltata;Orizzontale;Sereno;Normale;Buona;Ore Diurne;1;0;0;3;;;-1;1;Autovettura privata;In marcia / fermata / arresto;Passeggero;F;Illeso;0;;Utilizzato;Inesistente
1810199;12;29/08/2009 12:40;Provinciale;VIA DI PRATICA;da specificare;;;;prox. km 4.500;Scontro laterale fra veicoli in marcia;Rettilineo;Una carreggiata a doppio senso;Asciutto;Asfaltata;Orizzontale;Sereno;Normale;Buona;Ore Diurne;1;0;0;3;;;-1;1;Autovettura privata;In marcia / fermata / arresto;Passeggero;M;Illeso;0;;Utilizzato;Inesistente
1810199;12;29/08/2009 12:40;Provinciale;VIA DI PRATICA;da specificare;;;;prox. km 4.500;Scontro laterale fra veicoli in marcia;Rettilineo;Una carreggiata a doppio senso;Asciutto;Asfaltata;Orizzontale;Sereno;Normale;Buona;Ore Diurne;1;0;0;3;;;-1;2;Motociclo a solo;In marcia / fermata / arresto;Conducente;F;Rimandato;0;NON DECEDUTO;Utilizzato;Inesistente
1810200;12;29/08/2009 18:00;Strada Urbana;VIA LAURENTINA;all'intersezione semaforizzata con;VIA CELINE;VIA CELINE;;;Tamponamento;Intersezione semaforizzata;Due carreggiate;Asciutto;Asfaltata;Verticale ed orizzontale;Sereno;Normale;Buona;Ore Diurne;0;0;0;3;;;-1;1;Autovettura privata;In marcia / fermata / arresto;Conducente;M;Illeso;0;;Utilizzato;Inesploso