Protocollo;Gruppo;DataOraIncidente;Localizzazione1;STRADA1;Localizzazione2;STRADA2;Strada02;Chilometrica;DaSpecificare;NaturaIncidente;particolaritastrade;TipoStrada;FondoStradale;Pavimentazione;Segnaletica;CondizioneAtmosferica;Traffico;Visibilita;Illuminazione;NUM_FERITI;NUM_RISERVATA;NUM_MORTI;NUM_ILLESI;Longitudine;Latitudine;Confermato;Progressivo;TipoVeicolo;StatoVeicolo;TipoPersona;Sesso;Tipolesione;Deceduto;DecedutoDopo;CinturaCascoUtilizzato;Airbag
1812623;17;30/08/2009 16:10;Strada Urbana;LUNGOTEVERE MARESCIALLO CADORNA;da specificare;;;;ALTEZZA VIA PRATO FALCONE;Tamponamento;Rettilineo;Una carreggiata a senso unico di marcia;Asciutto;Asfaltata;Verticale ed orizzontale;Sereno;Intenso;Buona;Ore Diurne;3;0;0;4;;;-1;1;Autovettura privata;In marcia / fermata / arresto;Passeggero;M;Illeso;0;;Non accertato;Inesistente
1812623;17;30/08/2009 16:10;Strada Urbana;LUNGOTEVERE MARESCIALLO CADORNA;da specificare;;;;ALTEZZA VIA PRATO FALCONE;Tamponamento;Rettilineo;Una carreggiata a senso unico di marcia;Asciutto;Asfaltata;Verticale ed orizzontale;Sereno;Intenso;Buona;Ore Diurne;3;0;0;4;;;-1;2;Autovettura privata;In marcia / fermata / arresto;Conducente;M;Rifiuta cure immediate;0;NON DECEDUTO;Non accertato;Inesistente
1812623;17;30/08/2009 16:10;Strada Urbana;LUNGOTEVERE MARESCIALLO CADORNA;da specificare;;;;ALTEZZA VIA PRATO FALCONE;Tamponamento;Rettilineo;Una carreggiata a senso unico di marcia;Asciutto;Asfaltata;Verticale ed orizzontale;Sereno;Intenso;Buona;Ore Diurne;3;0;0;4;;;-1;2;Autovettura privata;In marcia / fermata / arresto;Passeggero;F;Rifiuta cure immediate;0;NON DECEDUTO;Non accertato;Inesistente
1812623;17;30/08/2009 16:10;Strada Urbana;LUNGOTEVERE MARESCIALLO CADORNA;da specificare;;;;ALTEZZA VIA PRATO FALCONE;Tamponamento;Rettilineo;Una carreggiata a senso unico di marcia;Asciutto;Asfaltata;Verticale ed orizzontale;Sereno;Intenso;Buona;Ore Diurne;3;0;0;4;;;-1;2;Autovettura privata;In marcia / fermata / arresto;Passeggero;F;Rifiuta cure immediate;0;NON DECEDUTO;Non accertato;Inesistente
1812655;5;01/08/2009 01:00;Strada Urbana;VIA FIUMINATA;all'intersezione con;VIA PIEVE TORINA;VIA PIEVE TORINA;;;Scontro frontale/laterale SX fra veicoli in marcia;Incrocio;Una carreggiata a senso unico di marcia;Asciutto;Asfaltata;Verticale;Sereno;Scarso;Buona;Sufficiente;1;0;0;1;;;-1;1;Autovettura privata;In marcia / fermata / arresto;Conducente;M;Illeso;0;;Non accertato;Inesistente
1812655;5;01/08/2009 01:00;Strada Urbana;VIA FIUMINATA;all'intersezione con;VIA PIEVE TORINA;VIA PIEVE TORINA;;;Scontro frontale/laterale SX fra veicoli in marcia;Incrocio;Una carreggiata a senso unico di marcia;Asciutto;Asfaltata;Verticale;Sereno;Scarso;Buona;Sufficiente;1;0;0;1;;;-1;2;Autovettura privata;In marcia / fermata / arresto;Conducente;F;Rimandato;0;NON DECEDUTO;Non accertato;Inesistente
1812656;5;17/08/2009 15:15;Strada Urbana;VIA DELLE MESSI D'ORO;all'intersezione con;VIA PESCOSOLIDO;VIA PESCOSOLIDO;;;Scontro laterale fra veicoli in marcia;Incrocio;Una carreggiata a doppio senso;Asciutto;Asfaltata;Verticale ed orizzontale;Sereno;Scarso;Buona;Ore Diurne;1;0;0;1;;;-1;1;Motociclo a solo;In marcia / fermata / arresto;Conducente;M;Rimandato;0;NON DECEDUTO;Non accertato;Inesistente
1812656;5;17/08/2009 15:15;Strada Urbana;VIA DELLE MESSI D'ORO;all'intersezione con;VIA PESCOSOLIDO;VIA PESCOSOLIDO;;;Scontro laterale fra veicoli in marcia;Incrocio;Una carreggiata a doppio senso;Asciutto;Asfaltata;Verticale ed orizzontale;Sereno;Scarso;Buona;Ore Diurne;1;0;0;1;;;-1;2;Autovettura privata;In marcia / fermata / arresto;Conducente;F;Illeso;0;;Non accertato;Inesistente
1812657;5;21/08/2009 10:05;Strada Urbana;VIA DEI MONTI TIBURTINI;da specificare;;;;all'intersezione semaforizzata con osp. S.PERTINI;Tamponamento;Rettilineo;Due carreggiate;Asciutto;Asfaltata;Verticale ed orizzontale;Sereno;Scarso;Buona;Ore Diurne;1;0;0;2;;;-1;1;Autovettura privata;In marcia / fermata / arresto;Conducente;M;Illeso;0;;Non accertato;Inesistente
1812657;5;21/08/2009 10:05;Strada Urbana;VIA DEI MONTI TIBURTINI;da specificare;;;;all'intersezione semaforizzata con osp. S.PERTINI;Tamponamento;Rettilineo;Due carreggiate;Asciutto;Asfaltata;Verticale ed orizzontale;Sereno;Scarso;Buona;Ore Diurne;1;0;0;2;;;-1;1;Autovettura privata;In marcia / fermata / arresto;Passeggero;F;Rimandato;0;NON DECEDUTO;Non accertato;Inesistente
1812657;5;21/08/2009 10:05;Strada Urbana;VIA DEI MONTI TIBURTINI;da specificare;;;;all'intersezione semaforizzata con osp. S.PERTINI;Tamponamento;Rettilineo;Due carreggiate;Asciutto;Asfaltata;Verticale ed orizzontale;Sereno;Scarso;Buona;Ore Diurne;1;0;0;2;;;-1;2;Autovettura privata;In marcia / fermata / arresto;Conducente;M;Illeso;0;;Non accertato;Inesistente
1812703;11;12/08/2009 18:55;Strada Urbana;VIA DI VIGNA MURATA;in corrispondenza;;del civico n. ;601;;Scontro frontale/laterale SX fra veicoli in marcia;Rettilineo;Due carreggiate;Asciutto;Asfaltata;Verticale ed orizzontale;Sereno;Scarso;Buona;Ore Diurne;2;0;0;3;;;-1;1;Autocaravan;In marcia / fermata / arresto;Conducente;M;Illeso;0;;Non accertato;Inesistente
1812703;11;12/08/2009 18:55;Strada Urbana;VIA DI VIGNA MURATA;in corrispondenza;;del civico n. ;601;;Scontro frontale/laterale SX fra veicoli in marcia;Rettilineo;Due carreggiate;Asciutto;Asfaltata;Verticale ed orizzontale;Sereno;Scarso;Buona;Ore Diurne;2;0;0;3;;;-1;1;Autocaravan;In marcia / fermata / arresto;Passeggero;F;Illeso;0;;Non accertato;Inesistente
1812703;11;12/08/2009 18:55;Strada Urbana;VIA DI VIGNA MURATA;in corrispondenza;;del civico n. ;601;;Scontro frontale/laterale SX fra veicoli in marcia;Rettilineo;Due carreggiate;Asciutto;Asfaltata;Verticale ed orizzontale;Sereno;Scarso;Buona;Ore Diurne;2;0;0;3;;;-1;1;Autocaravan;In marcia / fermata / arresto;Passeggero;F;Illeso;0;;Non accertato;Inesistente
1812703;11;12/08/2009 18:55;Strada Urbana;VIA DI VIGNA MURATA;in corrispondenza;;del civico n. ;601;;Scontro frontale/laterale SX fra veicoli in marcia;Rettilineo;Due carreggiate;Asciutto;Asfaltata;Verticale ed orizzontale;Sereno;Scarso;Buona;Ore Diurne;2;0;0;3;;;-1;2;Motociclo con passeggero;In marcia / fermata / arresto;Conducente;M;Rimandato;0;NON DECEDUTO;Utilizzato;Inesistente
1812703;11;12/08/2009 18:55;Strada Urbana;VIA DI VIGNA MURATA;in corrispondenza;;del civico n. ;601;;Scontro frontale/laterale SX fra veicoli in marcia;Rettilineo;Due carreggiate;Asciutto;Asfaltata;Verticale ed orizzontale;Sereno;Scarso;Buona;Ore Diurne;2;0;0;3;;;-1;2;Motociclo con passeggero;In marcia / fermata / arresto;Passeggero;F;Rimandato;0;NON DECEDUTO;Utilizzato;Inesistente
1812739;16;26/08/2009 09:30;Strada Urbana;VIA IPPOLITO NIEVO;in prossimità;;del civico n. ;75;;Veicolo in marcia contro veicolo in sosta;Rettilineo;Due carreggiate;Asciutto;Asfaltata;Verticale ed orizzontale;Sereno;Scarso;Buona;Ore Diurne;0;0;0;2;;;-1;1;Autovettura privata;In marcia / fermata / arresto;Conducente;M;Illeso;0;;Non accertato;Inesistente
1812739;16;26/08/2009 09:30;Strada Urbana;VIA IPPOLITO NIEVO;in prossimità;;del civico n. ;75;;Veicolo in marcia contro veicolo in sosta;Rettilineo;Due carreggiate;Asciutto;Asfaltata;Verticale ed orizzontale;Sereno;Scarso;Buona;Ore Diurne;0;0;0;2;;;-1;2;Motociclo a solo;Sosta;Conducente;M;Illeso;0;;Esente;Inesistente
1812740;16;27/08/2009 09:00;Strada Urbana;VIA DI BRAVETTA;all'intersezione con;VICOLO DEL CONTE;VICOLO DEL CONTE;;;Scontro frontale/laterale DX fra veicoli in marcia;Intersezione stradale segnalata;Una carreggiata a doppio senso;Asciutto;Asfaltata;Verticale ed orizzontale;Sereno;Normale;Buona;Ore Diurne;0;0;0;2;;;-1;1;Autovettura privata;In marcia / fermata / arresto;Conducente;M;Illeso;0;;Non utilizzato;Inesistente
1812740;16;27/08/2009 09:00;Strada Urbana;VIA DI BRAVETTA;all'intersezione con;VICOLO DEL CONTE;VICOLO DEL CONTE;;;Scontro frontale/laterale DX fra veicoli in marcia;Intersezione stradale segnalata;Una carreggiata a doppio senso;Asciutto;Asfaltata;Verticale ed orizzontale;Sereno;Normale;Buona;Ore Diurne;0;0;0;2;;;-1;2;Autovettura privata;In marcia / fermata / arresto;Conducente;M;Illeso;0;;Non accertato;Inesistente
1812786;5;13/08/2009 09:00;Strada Urbana;VIA GIACOMO PERONI;in corrispondenza;;del civico n. ;19;;Scontro frontale/laterale SX fra veicoli in marcia;Rettilineo;Una carreggiata a senso unico di marcia;Asciutto;Asfaltata;Verticale ed orizzontale;Sereno;Scarso;Buona;Ore Diurne;1;0;0;1;;;-1;1;Autovettura privata;In marcia / fermata / arresto;Conducente;F;Illeso;0;;Non accertato;Inesistente
1812786;5;13/08/2009 09:00;Strada Urbana;VIA GIACOMO PERONI;in corrispondenza;;del civico n. ;19;;Scontro frontale/laterale SX fra veicoli in marcia;Rettilineo;Una carreggiata a senso unico di marcia;Asciutto;Asfaltata;Verticale ed orizzontale;Sereno;Scarso;Buona;Ore Diurne;1;0;0;1;;;-1;2;Autovettura privata;In marcia / fermata / arresto;Conducente;M;Rimandato;0;NON DECEDUTO;Non accertato;Inesistente
1812787;5;27/08/2009 16:15;Strada Urbana;VIA TIBURTINA;in prossimità;;del civico n. ;1143;;Scontro frontale fra veicoli in marcia;Rettilineo;Una carreggiata a doppio senso;Asciutto;Asfaltata;Orizzontale;Sereno;Normale;Buona;Ore Diurne;1;0;0;2;;;-1;1;Autovettura privata;In marcia / fermata / arresto;Conducente;M;Rimandato;0;NON DECEDUTO;Non accertato;Inesistente
1812787;5;27/08/2009 16:15;Strada Urbana;VIA TIBURTINA;in prossimità;;del civico n. ;1143;;Scontro frontale fra veicoli in marcia;Rettilineo;Una carreggiata a doppio senso;Asciutto;Asfaltata;Orizzontale;Sereno;Normale;Buona;Ore Diurne;1;0;0;2;;;-1;2;Autovettura privata;In marcia / fermata / arresto;Conducente;F;Illeso;0;;Non accertato;Inesistente
1812787;5;27/08/2009 16:15;Strada Urbana;VIA TIBURTINA;in prossimità;;del civico n. ;1143;;Scontro frontale fra veicoli in marcia;Rettilineo;Una carreggiata a doppio senso;Asciutto;Asfaltata;Orizzontale;Sereno;Normale;Buona;Ore Diurne;1;0;0;2;;;-1;2;Autovettura privata;In marcia / fermata / arresto;Passeggero;M;Illeso;0;;Non accertato;Inesistente
1812788;5;31/08/2009 13:35;Strada Urbana;VIA TIBURTINA;da specificare;;;;in prossimità via Smerillo fr. 1172-B;Tamponamento;Rettilineo;Una carreggiata a doppio senso;Asciutto;Asfaltata;Orizzontale;Sereno;Normale;Buona;Ore Diurne;1;0;0;2;;;-1;1;Autovettura privata;In marcia / fermata / arresto;Conducente;M;Illeso;0;;Non accertato;Inesistente
1812788;5;31/08/2009 13:35;Strada Urbana;VIA TIBURTINA;da specificare;;;;in prossimità via Smerillo fr. 1172-B;Tamponamento;Rettilineo;Una carreggiata a doppio senso;Asciutto;Asfaltata;Orizzontale;Sereno;Normale;Buona;Ore Diurne;1;0;0;2;;;-1;2;Autovettura privata;In marcia / fermata / arresto;Conducente;M;Rimandato;0;NON DECEDUTO;Non accertato;Inesistente
1812788;5;31/08/2009 13:35;Strada Urbana;VIA TIBURTINA;da specificare;;;;in prossimità via Smerillo fr. 1172-B;Tamponamento;Rettilineo;Una carreggiata a doppio senso;Asciutto;Asfaltata;Orizzontale;Sereno;Normale;Buona;Ore Diurne;1;0;0;2;;;-1;3;Autovettura privata;In marcia / fermata / arresto;Conducente;M;Illeso;0;;Non accertato;Inesistente
1812792;6;28/08/2009 23:40;Statale entro l'abitato;VIA CASILINA;all'intersezione con;VIA ANGELO BERARDI;VIA ANGELO BERARDI;;;Veicolo in marcia contro ostacolo accidentale;Intersezione semaforizzata;Due carreggiate;Asciutto;Asfaltata;Verticale ed orizzontale;Sereno;Normale;Buona;Sufficiente;1;0;0;1;;;-1;1;Ciclomotore;In marcia / fermata / arresto;Conducente;M;Rimandato;0;NON DECEDUTO;Non accertato;Inesistente
1812792;6;28/08/2009 23:40;Statale entro l'abitato;VIA CASILINA;all'intersezione con;VIA ANGELO BERARDI;VIA ANGELO BERARDI;;;Veicolo in marcia contro ostacolo accidentale;Intersezione semaforizzata;Due carreggiate;Asciutto;Asfaltata;Verticale ed orizzontale;Sereno;Normale;Buona;Sufficiente;1;0;0;1;;;-1;2;Autobus di linea;In marcia / fermata / arresto;Conducente;M;Illeso;0;;Non accertato;Inesistente
1812917;5;08/08/2009 13:25;Strada Urbana;VIA MICHELANGELO TILLI;all'intersezione con;VIA ADRIANO FIORI;VIA ADRIANO FIORI;;;Scontro frontale fra veicoli in marcia;Incrocio;Una carreggiata a doppio senso;Asciutto;Asfaltata;Verticale;Sereno;Scarso;Buona;Ore Diurne;2;0;0;3;;;-1;1;Autovettura privata;In marcia / fermata / arresto;Conducente;M;Rimandato;0;NON DECEDUTO;Non accertato;Inesistente
1812917;5;08/08/2009 13:25;Strada Urbana;VIA MICHELANGELO TILLI;all'intersezione con;VIA ADRIANO FIORI;VIA ADRIANO FIORI;;;Scontro frontale fra veicoli in marcia;Incrocio;Una carreggiata a doppio senso;Asciutto;Asfaltata;Verticale;Sereno;Scarso;Buona;Ore Diurne;2;0;0;3;;;-1;1;Autovettura privata;In marcia / fermata / arresto;Passeggero;F;Rimandato;0;NON DECEDUTO;Non accertato;Inesistente
1812917;5;08/08/2009 13:25;Strada Urbana;VIA MICHELANGELO TILLI;all'intersezione con;VIA ADRIANO FIORI;VIA ADRIANO FIORI;;;Scontro frontale fra veicoli in marcia;Incrocio;Una carreggiata a doppio senso;Asciutto;Asfaltata;Verticale;Sereno;Scarso;Buona;Ore Diurne;2;0;0;3;;;-1;1;Autovettura privata;In marcia / fermata / arresto;Passeggero;F;Illeso;0;;Non accertato;Inesistente
1812917;5;08/08/2009 13:25;Strada Urbana;VIA MICHELANGELO TILLI;all'intersezione con;VIA ADRIANO FIORI;VIA ADRIANO FIORI;;;Scontro frontale fra veicoli in marcia;Incrocio;Una carreggiata a doppio senso;Asciutto;Asfaltata;Verticale;Sereno;Scarso;Buona;Ore Diurne;2;0;0;3;;;-1;2;Autovettura privata;In marcia / fermata / arresto;Conducente;M;Illeso;0;;Non accertato;Inesistente
1812917;5;08/08/2009 13:25;Strada Urbana;VIA MICHELANGELO TILLI;all'intersezione con;VIA ADRIANO FIORI;VIA ADRIANO FIORI;;;Scontro frontale fra veicoli in marcia;Incrocio;Una carreggiata a doppio senso;Asciutto;Asfaltata;Verticale;Sereno;Scarso;Buona;Ore Diurne;2;0;0;3;;;-1;2;Autovettura privata;In marcia / fermata / arresto;Passeggero;F;Illeso;0;;Non accertato;Inesistente
1812918;5;26/08/2009 07:45;Strada Urbana;VIA TIBURTINA;all'intersezione semaforizzata con;LARGO CAMESENA;LARGO CAMESENA;;;Tamponamento;Intersezione semaforizzata;Più di due carreggiate;Asciutto;Asfaltata;Verticale ed orizzontale;Sereno;Normale;Buona;Ore Diurne;1;0;0;1;;;-1;1;Motociclo a solo;In marcia / fermata / arresto;Conducente;M;Rimandato;0;NON DECEDUTO;Utilizzato;Inesistente
1812918;5;26/08/2009 07:45;Strada Urbana;VIA TIBURTINA;all'intersezione semaforizzata con;LARGO CAMESENA;LARGO CAMESENA;;;Tamponamento;Intersezione semaforizzata;Più di due carreggiate;Asciutto;Asfaltata;Verticale ed orizzontale;Sereno;Normale;Buona;Ore Diurne;1;0;0;1;;;-1;2;Autocarro inferiore 35 q.;In marcia / fermata / arresto;Conducente;M;Illeso;0;;Non accertato;Inesistente
1812952;16;28/08/2009 02:20;Strada Urbana;VIA DELLA TENUTA DI S. CECILIA;da specificare;;;;snc;Infortunio per caduta del veicolo;Rettilineo;Una carreggiata a senso unico di marcia;Asciutto;Asfaltata;Assente;Sereno;Scarso;Insufficiente;Insufficiente;0;0;0;1;;;-1;1;Autocarro inferiore 35 q.;In marcia / fermata / arresto;Conducente;M;Illeso;0;;Non accertato;Inesistente
1812953;16;28/08/2009 21:15;Strada Urbana;VIALE DEI COLLI PORTUENSI;all'intersezione semaforizzata con;VIA ADOLFO GANDIGLIO;VIA ADOLFO GANDIGLIO;;;Scontro laterale fra veicoli in marcia;Intersezione semaforizzata;Una carreggiata a senso unico di marcia;Asciutto;Asfaltata;Verticale ed orizzontale;Sereno;Scarso;Buona;Sufficiente;0;0;0;2;;;-1;1;Autovettura privata;In marcia / fermata / arresto;Conducente;F;Illeso;0;;Non accertato;Inesistente
1812953;16;28/08/2009 21:15;Strada Urbana;VIALE DEI COLLI PORTUENSI;all'intersezione semaforizzata con;VIA ADOLFO GANDIGLIO;VIA ADOLFO GANDIGLIO;;;Scontro laterale fra veicoli in marcia;Intersezione semaforizzata;Una carreggiata a senso unico di marcia;Asciutto;Asfaltata;Verticale ed orizzontale;Sereno;Scarso;Buona;Sufficiente;0;0;0;2;;;-1;2;Autovettura privata;In marcia / fermata / arresto;Conducente;M;Illeso;0;;Non accertato;Inesistente
1813048;17;26/08/2009 21:45;Strada Urbana;VIA COLA DI RIENZO;in prossimità;;del civico n. ;170/172;;Scontro laterale fra veicoli in marcia;Rettilineo;Una carreggiata a doppio senso;Asciutto;Acciotolata;Verticale ed orizzontale;Sereno;Scarso;Sufficiente;Sufficiente;0;0;0;2;;;-1;1;Autovettura privata;In marcia / fermata / arresto;Conducente;F;Illeso;0;;Non accertato;Inesistente
1813048;17;26/08/2009 21:45;Strada Urbana;VIA COLA DI RIENZO;in prossimità;;del civico n. ;170/172;;Scontro laterale fra veicoli in marcia;Rettilineo;Una carreggiata a doppio senso;Asciutto;Acciotolata;Verticale ed orizzontale;Sereno;Scarso;Sufficiente;Sufficiente;0;0;0;2;;;-1;2;Autovettura privata;In marcia / fermata / arresto;Conducente;M;Illeso;0;;Non accertato;Inesistente
1813091;5;18/08/2009 11:30;Strada Urbana;VIA DI TOR CERVARA;in prossimità;;del civico n. ;44;;Veicolo in marcia contro ostacolo fisso;Rettilineo;Una carreggiata a doppio senso;Asciutto;Asfaltata;Verticale ed orizzontale;Sereno;Normale;Buona;Ore Diurne;1;0;0;0;;;-1;1;Autovettura privata;In marcia / fermata / arresto;Conducente;M;Rimandato;0;NON DECEDUTO;Non accertato;Inesistente
1813222;17;26/08/2009 18:45;Strada Urbana;VIA TRIONFALE;all'intersezione con;VIA CARLO BELLI;VIA CARLO BELLI;;;Tamponamento;Incrocio;Una carreggiata a senso unico di marcia;Asciutto;Asfaltata;Verticale ed orizzontale;Sereno;Scarso;Buona;Ore Diurne;0;0;0;3;;;-1;1;Autovettura privata;In marcia / fermata / arresto;Conducente;M;Illeso;0;;Non accertato;Inesistente
1813222;17;26/08/2009 18:45;Strada Urbana;VIA TRIONFALE;all'intersezione con;VIA CARLO BELLI;VIA CARLO BELLI;;;Tamponamento;Incrocio;Una carreggiata a senso unico di marcia;Asciutto;Asfaltata;Verticale ed orizzontale;Sereno;Scarso;Buona;Ore Diurne;0;0;0;3;;;-1;1;Autovettura privata;In marcia / fermata / arresto;Passeggero;F;Illeso;0;;Non accertato;Inesistente
1813222;17;26/08/2009 18:45;Strada Urbana;VIA TRIONFALE;all'intersezione con;VIA CARLO BELLI;VIA CARLO BELLI;;;Tamponamento;Incrocio;Una carreggiata a senso unico di marcia;Asciutto;Asfaltata;Verticale ed orizzontale;Sereno;Scarso;Buona;Ore Diurne;0;0;0;3;;;-1;2;Autovettura privata;In marcia / fermata / arresto;Conducente;M;Illeso;0;;Non accertato;Inesistente
1813245;5;22/08/2009 10:20;Strada Urbana;VIA RINALDO D'AQUINO;da specificare;;;;500 mt. dopo rotatoria Nomentana direzione GRA.;Tamponamento;Rettilineo;Due carreggiate;Asciutto;Asfaltata;Orizzontale;Sereno;Normale;Buona;Ore Diurne;4;0;0;1;;;-1;1;Autovettura privata;In marcia / fermata / arresto;Conducente;F;Rimandato;0;NON DECEDUTO;Non accertato;Inesistente
1813245;5;22/08/2009 10:20;Strada Urbana;VIA RINALDO D'AQUINO;da specificare;;;;500 mt. dopo rotatoria Nomentana direzione GRA.;Tamponamento;Rettilineo;Due carreggiate;Asciutto;Asfaltata;Orizzontale;Sereno;Normale;Buona;Ore Diurne;4;0;0;1;;;-1;1;Autovettura privata;In marcia / fermata / arresto;Passeggero;F;Rimandato;0;NON DECEDUTO;Non accertato;Inesistente
1813245;5;22/08/2009 10:20;Strada Urbana;VIA RINALDO D'AQUINO;da specificare;;;;500 mt. dopo rotatoria Nomentana direzione GRA.;Tamponamento;Rettilineo;Due carreggiate;Asciutto;Asfaltata;Orizzontale;Sereno;Normale;Buona;Ore Diurne;4;0;0;1;;;-1;1;Autovettura privata;In marcia / fermata / arresto;Passeggero;M;Rimandato;0;NON DECEDUTO;Non accertato;Inesistente
1813245;5;22/08/2009 10:20;Strada Urbana;VIA RINALDO D'AQUINO;da specificare;;;;500 mt. dopo rotatoria Nomentana direzione GRA.;Tamponamento;Rettilineo;Due carreggiate;Asciutto;Asfaltata;Orizzontale;Sereno;Normale;Buona;Ore Diurne;4;0;0;1;;;-1;1;Autovettura privata;In marcia / fermata / arresto;Passeggero;M;Rimandato;0;NON DECEDUTO;Non accertato;Inesistente
1813245;5;22/08/2009 10:20;Strada Urbana;VIA RINALDO D'AQUINO;da specificare;;;;500 mt. dopo rotatoria Nomentana direzione GRA.;Tamponamento;Rettilineo;Due carreggiate;Asciutto;Asfaltata;Orizzontale;Sereno;Normale;Buona;Ore Diurne;4;0;0;1;;;-1;2;Autovettura privata;In marcia / fermata / arresto;Conducente;M;Illeso;0;;Non accertato;Inesistente
1813317;17;23/08/2009 03:00;Strada Urbana;VIA AURELIA;in corrispondenza;;del civico n. ;555;;Veicolo in marcia contro ostacolo fisso;Rettilineo;Una carreggiata a doppio senso;Asciutto;Asfaltata;Verticale ed orizzontale;Sereno;Scarso;Sufficiente;Sufficiente;0;1;0;0;;;-1;1;Motociclo a solo;In marcia / fermata / arresto;Conducente;M;Prognosi riservata;0;NON DECEDUTO;Non accertato;Inesistente
1813404;17;26/08/2009 10:10;Strada Urbana;PIAZZA DEL RISORGIMENTO;da specificare;;;;prossimità capolinea linea 19 fermata Risorgimento;Veicolo in marcia contro veicolo fermo;Curva a visuale libera;Due carreggiate;Asciutto;In cubetti di porfido;Verticale ed orizzontale;Sereno;Normale;Buona;Ore Diurne;0;0;0;1;;;-1;1;Vettura tranviaria;In marcia / fermata / arresto;Conducente;M;Illeso;0;;Non accertato;Inesistente
1813460;5;30/08/2009 01:00;Strada Urbana;VIA DEL CASALE DI S. BASILIO;all'intersezione con;VIA NICOLA MARIA NICOLAI;VIA NICOLA MARIA NICOLAI;;;Scontro frontale/laterale SX fra veicoli in marcia;Incrocio;Una carreggiata a doppio senso;Asciutto;Asfaltata;Verticale;Sereno;Scarso;Sufficiente;Sufficiente;2;0;0;0;;;-1;1;Autovettura privata;In marcia / fermata / arresto;Conducente;M;Rimandato;0;NON DECEDUTO;Non accertato;Inesistente
1813460;5;30/08/2009 01:00;Strada Urbana;VIA DEL CASALE DI S. BASILIO;all'intersezione con;VIA NICOLA MARIA NICOLAI;VIA NICOLA MARIA NICOLAI;;;Scontro frontale/laterale SX fra veicoli in marcia;Incrocio;Una carreggiata a doppio senso;Asciutto;Asfaltata;Verticale;Sereno;Scarso;Sufficiente;Sufficiente;2;0;0;0;;;-1;2;Autovettura privata;In marcia / fermata / arresto;Conducente;M;Rimandato;0;NON DECEDUTO;Non accertato;Inesistente
1813631;11;17/08/2009 11:00;Strada Urbana;VIALE GUGLIELMO MARCONI;all'intersezione semaforizzata con;VIA GIBILMANNA;VIA GIBILMANNA;;;Scontro frontale/laterale SX fra veicoli in marcia;Intersezione semaforizzata;Più di due carreggiate;Asciutto;Asfaltata;Verticale ed orizzontale;Sereno;Scarso;Buona;Ore Diurne;1;0;0;1;;;-1;1;Autovettura privata;In marcia / fermata / arresto;Conducente;M;Illeso;0;;Non accertato;Inesploso
1813631;11;17/08/2009 11:00;Strada Urbana;VIALE GUGLIELMO MARCONI;all'intersezione semaforizzata con;VIA GIBILMANNA;VIA GIBILMANNA;;;Scontro frontale/laterale SX fra veicoli in marcia;Intersezione semaforizzata;Più di due carreggiate;Asciutto;Asfaltata;Verticale ed orizzontale;Sereno;Scarso;Buona;Ore Diurne;1;0;0;1;;;-1;2;Motociclo a solo;In marcia / fermata / arresto;Conducente;F;Rimandato;0;NON DECEDUTO;Utilizzato;Inesistente
1813665;17;01/08/2009 21:05;Strada Urbana;VIA DEL CASALE LUMBROSO;in prossimità;;del civico n. ;86;;Veicolo in marcia contro veicolo in sosta;Rettilineo;Una carreggiata a doppio senso;Asciutto;Asfaltata;Assente;Sereno;Scarso;Sufficiente;Sufficiente;0;0;0;1;;;-1;1;Autovettura privata;In marcia / fermata / arresto;Conducente;M;Illeso;0;;Non accertato;Inesistente
1813918;5;01/08/2009 22:20;Strada Urbana;VIALE DELLA SERENISSIMA;da specificare;;;;altezza rampa immissione A/24;Scontro laterale fra veicoli in marcia;Rettilineo;Due carreggiate;Asciutto;Asfaltata;Verticale ed orizzontale;Sereno;Scarso;Buona;Sufficiente;2;0;0;1;;;-1;1;Motociclo a solo;In marcia / fermata / arresto;Conducente;M;Rimandato;0;NON DECEDUTO;Non accertato;Inesistente
1813918;5;01/08/2009 22:20;Strada Urbana;VIALE DELLA SERENISSIMA;da specificare;;;;altezza rampa immissione A/24;Scontro laterale fra veicoli in marcia;Rettilineo;Due carreggiate;Asciutto;Asfaltata;Verticale ed orizzontale;Sereno;Scarso;Buona;Sufficiente;2;0;0;1;;;-1;1;Motociclo a solo;In marcia / fermata / arresto;Passeggero;F;Rimandato;0;NON DECEDUTO;Non accertato;Inesistente
1813918;5;01/08/2009 22:20;Strada Urbana;VIALE DELLA SERENISSIMA;da specificare;;;;altezza rampa immissione A/24;Scontro laterale fra veicoli in marcia;Rettilineo;Due carreggiate;Asciutto;Asfaltata;Verticale ed orizzontale;Sereno;Scarso;Buona;Sufficiente;2;0;0;1;;;-1;2;Motociclo a solo;In marcia / fermata / arresto;Conducente;M;Illeso;0;;Non accertato;Inesistente
1813919;5;23/08/2009 10:45;Strada Urbana;VIA VENAFRO;da specificare;;;;via arsoli;Scontro frontale/laterale SX fra veicoli in marcia;Rettilineo;Una carreggiata a senso unico di marcia;Asciutto;Asfaltata;Verticale;Sereno;Scarso;Buona;Ore Diurne;1;0;0;1;;;-1;1;Motociclo a solo;In marcia / fermata / arresto;Conducente;M;Rimandato;0;NON DECEDUTO;Non accertato;Inesistente
1813919;5;23/08/2009 10:45;Strada Urbana;VIA VENAFRO;da specificare;;;;via arsoli;Scontro frontale/laterale SX fra veicoli in marcia;Rettilineo;Una carreggiata a senso unico di marcia;Asciutto;Asfaltata;Verticale;Sereno;Scarso;Buona;Ore Diurne;1;0;0;1;;;-1;2;Autovettura privata;In marcia / fermata / arresto;Conducente;M;Illeso;0;;Non accertato;Inesistente